Years;Elements;AMMONIA;CO2_ATM;CO2_CAPTURED;CO2_INDUSTRY;COAL;COOKING;DIESEL;ELECTRICITY;FOOD_PRESERVATION;GAS;GASOLINE;H2;HEAT_HIGH_T;HEAT_LOW_T_DECEN;HEAT_LOW_T_DHN;HVC;LFO;LIGHTING_P;LIGHTING_R_C;LPG;MECHANICAL_ENERGY_COMM;MECHANICAL_ENERGY_FISH_OTHERS;MECHANICAL_ENERGY_FIX_AGR;MECHANICAL_ENERGY_IND;MECHANICAL_ENERGY_MIN;MECHANICAL_ENERGY_MOV_AGR;METHANOL;MOB_FREIGHT_AIR;MOB_FREIGHT_BOAT;MOB_FREIGHT_RAIL;MOB_FREIGHT_ROAD;MOB_PRIVATE;MOB_PUBLIC;PROCESS_COOLING;RES_GEO;RES_HYDRO;RES_SOLAR;RES_WIND;SPACE_COOLING;URANIUM;WASTE;WET_BIOMASS;WOOD
YEAR_2021;CCGT;;;;1693.7564653380907;;;;5335.338201153187;;-8468.782326690452;;;;;;;;;;;;;;;;;;;;;;;;;;;;;;;;;
YEAR_2021;PV;;;;;;;;350.5000911716737;;;;;;;;;;;;;;;;;;;;;;;;;;;;;-350.5000911716737;;;;;;
YEAR_2021;WIND_ONSHORE;;;;;;;;119.60018517656438;;;;;;;;;;;;;;;;;;;;;;;;;;;;;;-119.60018517656438;;;;;
YEAR_2021;HYDRO_DAM;;;;;;;;1355.7683936651074;;;;;;;;;;;;;;;;;;;;;;;;;;;;-1355.7683936651074;;;;;;;
YEAR_2021;HYDRO_RIVER;;;;;;;;1884.9888603724442;;;;;;;;;;;;;;;;;;;;;;;;;;;;-1884.9888603724442;;;;;;;
YEAR_2021;OCGT;;;;;;;;1134.6935721471004;;-3248.472030715373;;;;;;;;;;;;;;;;;;;;;;;;;;;;;;;;;
YEAR_2021;GENSET_DIESEL;;;;;;;-657.8273214706127;247.60137062278403;;;;;;;;;;;;;;;;;;;;;;;;;;;;;;;;;;;
YEAR_2021;ST_BIOMASS;;;;;;;;454.798501610778;;;;;;;;;;;;;;;;;;;;;;;;;;;;;;;;;;-1531.2977745836174;
YEAR_2021;CONVENTIONAL_BULB;;;;;;;;-804.7635311725052;;;;;;;;;;;82.48826194497555;;;;;;;;;;;;;;;;;;;;;;;;
YEAR_2021;LED_BULB;;;;;;;;-65.3242583129245;;;;;;;;;;;22.210247823284895;;;;;;;;;;;;;;;;;;;;;;;;
YEAR_2021;CONVENTIONAL_LIGHT;;;;;;;;-528.1249391085079;;;;;;;;;;54.13280625848672;;;;;;;;;;;;;;;;;;;;;;;;;
YEAR_2021;IND_BOILER_GAS;;;;1727.4339814645634;;;;;;-8637.169907322817;;;8008.502463906182;;;;;;;;;;;;;;;;;;;;;;;;;;;;;;
YEAR_2021;IND_BOILER_WOOD;;;;2211.498708588015;;;;;;;;;4901.892729253145;;;;;;;;;;;;;;;;;;;;;;;;;;;;;;-5670.509509200038
YEAR_2021;IND_BOILER_OIL;;;;3.854871823754027;;;;;;;;;12.936419240346954;;;;-14.826430091361642;;;;;;;;;;;;;;;;;;;;;;;;;;
YEAR_2021;IND_BOILER_DIESEL;;;;;;;-333.8508387122124;;;;;;125.65900282754156;;;;;;;;;;;;;;;;;;;;;;;;;;;;;;
YEAR_2021;IND_BOILER_LPG;;;;;;;;;;;;;146.93417430188597;;;;;;;-229.10823782453008;;;;;;;;;;;;;;;;;;;;;;;
YEAR_2021;DEC_BOILER_GAS;;;;;;;;;;-150.83119794858573;;;;135.74943564808365;;;;;;;;;;;;;;;;;;;;;;;;;;;;;
YEAR_2021;DEC_SOLAR;;;;;;;;;;;;;;11.760041356173137;;;;;;;;;;;;;;;;;;;;;;;-11.760041356173137;;;;;;
YEAR_2021;DEC_DIRECT_ELEC;;;;;;;;-1177.789793165366;;;;;;1177.789793165366;;;;;;;;;;;;;;;;;;;;;;;;;;;;;
YEAR_2021;DEC_ELEC_COLD;;;;;;;;-39.173641625612476;;;;;;;;;;;;;;;;;;;;;;;;;;;;;;;97.93410406403119;;;;
YEAR_2021;REFRIGERATOR_EL;;;;;;;;-954.6354104333528;341.8804503;;;;;;;;;;;;;;;;;;;;;;;;;;;;;;;;;;
YEAR_2021;STOVE_WOOD;;;;;;125.43507025174836;;;;;;;;;;;;;;;;;;;;;;;;;;;;;;;;;;;;;-783.9691890734273
YEAR_2021;STOVE_LPG;;;;;;3721.651631213072;;;;;;;;;;;;;;-5803.013839872039;;;;;;;;;;;;;;;;;;;;;;;
YEAR_2021;STOVE_NG;;;;;;1124.5282198327777;;;;-2367.427831345272;;;;;;;;;;;;;;;;;;;;;;;;;;;;;;;;;
YEAR_2021;STOVE_OIL;;;;;;17.24787284045867;;;;;;;;;;;-34.9147223495256;;;;;;;;;;;;;;;;;;;;;;;;;;
YEAR_2021;STOVE_ELEC;;;;;;58.85999316114743;;-58.85999316114743;;;;;;;;;;;;;;;;;;;;;;;;;;;;;;;;;;;
YEAR_2021;TRAMWAY_TROLLEY;;;;;;;;-22.07779861026424;;;;;;;;;;;;;;;;;;;;;;;;;353.2447777642278;;;;;;;;;;
YEAR_2021;CAR_FG_PUBLIC;;;;;;;;;;-39.76122503812934;;;;;;;;;;;;;;;;;;;;;;;64.34534079568056;;;;;;;;;;
YEAR_2021;BUS_FG_PUBLIC;;;;;;;;;;-975.6464006284989;;;;;;;;;;;;;;;;;;;;;;;5575.507827706982;;;;;;;;;;
YEAR_2021;PICKUP_TRUCK_FG_PUBLIC;;;;;;;;;;-16.452170965403916;;;;;;;;;;;;;;;;;;;;;;;7.02885346680409;;;;;;;;;;
YEAR_2021;SUV_FG_PUBLIC;;;;;;;;;;-20.23915702483618;;;;;;;;;;;;;;;;;;;;;;;20.885907703563053;;;;;;;;;;
YEAR_2021;MOTORCYCLE_FG_PUBLIC;;;;;;;;;;-2.070875632972464;;;;;;;;;;;;;;;;;;;;;;;10.03105722858126;;;;;;;;;;
YEAR_2021;CAR_GASOLINE_PUBLIC;;;;;;;;;;;-174.83948958344754;;;;;;;;;;;;;;;;;;;;;;567.5336450613303;;;;;;;;;;
YEAR_2021;BUS_GASOLINE_PUBLIC;;;;;;;;;;;-1767.4604781523972;;;;;;;;;;;;;;;;;;;;;;49176.203742900485;;;;;;;;;;
YEAR_2021;PICKUP_TRUCK_GASOLINE_PUBLIC;;;;;;;;;;;-42.01708413839809;;;;;;;;;;;;;;;;;;;;;;61.99480705729353;;;;;;;;;;
YEAR_2021;SUV_GASOLINE_PUBLIC;;;;;;;;;;;-93.3237660087212;;;;;;;;;;;;;;;;;;;;;;184.21506056589877;;;;;;;;;;
YEAR_2021;MOTORCYCLE_GASOLINE_PUBLIC;;;;;;;;;;;-34.34286615962309;;;;;;;;;;;;;;;;;;;;;;88.47449146045504;;;;;;;;;;
YEAR_2021;CAR_DIESEL_PUBLIC;;;;;;;-129.1520847069619;;;;;;;;;;;;;;;;;;;;;;;;;;179.7583364689676;;;;;;;;;;
YEAR_2021;BUS_DIESEL_PUBLIC;;;;;;;-1803.4395149282534;;;;;;;;;;;;;;;;;;;;;;;;;;15575.895762180036;;;;;;;;;;
YEAR_2021;PICKUP_TRUCK_DIESEL_PUBLIC;;;;;;;-39.870511002470934;;;;;;;;;;;;;;;;;;;;;;;;;;19.636039663420497;;;;;;;;;;
YEAR_2021;SUV_DIESEL_PUBLIC;;;;;;;-108.4480608058629;;;;;;;;;;;;;;;;;;;;;;;;;;58.34723499986396;;;;;;;;;;
YEAR_2021;MOTORCYCLE_DIESEL_PUBLIC;;;;;;;-19.026435641232606;;;;;;;;;;;;;;;;;;;;;;;;;;28.02291098331655;;;;;;;;;;
YEAR_2021;CAR_BEV;;;;;;;;-21.956783200479126;;;;;;;;;;;;;;;;;;;;;;;;136.37945657817792;;;;;;;;;;;
YEAR_2021;CAR_FG_PRIVATE;;;;;;;;;;-1038.3183810734442;;;;;;;;;;;;;;;;;;;;;;1680.3041158948497;;;;;;;;;;;
YEAR_2021;BUS_FG_PRIVATE;;;;;;;;;;-3339.147293982338;;;;;;;;;;;;;;;;;;;;;;19082.16118408472;;;;;;;;;;;
YEAR_2021;PICKUP_TRUCK_FG_PRIVATE;;;;;;;;;;-279.79977846299107;;;;;;;;;;;;;;;;;;;;;;119.53873121037844;;;;;;;;;;;
YEAR_2021;SUV_FG_PRIVATE;;;;;;;;;;-413.38698129927366;;;;;;;;;;;;;;;;;;;;;;426.59693418437024;;;;;;;;;;;
YEAR_2021;MOTORCYCLE_FG_PRIVATE;;;;;;;;;;-75.49520757175918;;;;;;;;;;;;;;;;;;;;;;365.6891488693311;;;;;;;;;;;
YEAR_2021;CAR_GASOLINE_PRIVATE;;;;;;;;;;;-4565.694548230022;;;;;;;;;;;;;;;;;;;;;14820.36624201482;;;;;;;;;;;
YEAR_2021;BUS_GASOLINE_PRIVATE;;;;;;;;;;;-6049.13431534973;;;;;;;;;;;;;;;;;;;;;168305.58037188533;;;;;;;;;;;
YEAR_2021;PICKUP_TRUCK_GASOLINE_PRIVATE;;;;;;;;;;;-714.581091131232;;;;;;;;;;;;;;;;;;;;;1054.3405802637874;;;;;;;;;;;
YEAR_2021;SUV_GASOLINE_PRIVATE;;;;;;;;;;;-1906.1454651425136;;;;;;;;;;;;;;;;;;;;;3762.6075042430994;;;;;;;;;;;
YEAR_2021;MOTORCYCLE_GASOLINE_PRIVATE;;;;;;;;;;;-1251.9890599598798;;;;;;;;;;;;;;;;;;;;;3225.3887861064654;;;;;;;;;;;
YEAR_2021;CAR_DIESEL_PRIVATE;;;;;;;-3372.63489124356;;;;;;;;;;;;;;;;;;;;;;;;;4694.149838484641;;;;;;;;;;;
YEAR_2021;BUS_DIESEL_PRIVATE;;;;;;;-6172.272676089519;;;;;;;;;;;;;;;;;;;;;;;;;53308.51133221792;;;;;;;;;;;
YEAR_2021;PICKUP_TRUCK_DIESEL_PRIVATE;;;;;;;-678.0737326738501;;;;;;;;;;;;;;;;;;;;;;;;;333.94813296178086;;;;;;;;;;;
YEAR_2021;SUV_DIESEL_PRIVATE;;;;;;;-2215.07576367992;;;;;;;;;;;;;;;;;;;;;;;;;1191.7552528421816;;;;;;;;;;;
YEAR_2021;MOTORCYCLE_DIESEL_PRIVATE;;;;;;;-693.6241890832717;;;;;;;;;;;;;;;;;;;;;;;;;1021.5980162060678;;;;;;;;;;;
YEAR_2021;TRAIN_FREIGHT;;;;;;;-58.43066031920698;;;;;;;;;;;;;;;;;;;;;;;798.2930127854954;;;;;;;;;;;;;
YEAR_2021;BOAT_FREIGHT_DIESEL;;;;;;;-5.855419037641633;;;;;;;;;;;;;;;;;;;;;;54.72354240786573;;;;;;;;;;;;;;
YEAR_2021;TRUCK_FG;;;;;;;;;;-501.4660800297887;;;;;;;;;;;;;;;;;;;;;955.2395392205353;;;;;;;;;;;;
YEAR_2021;VAN_FG;;;;;;;;;;-32.58393350256347;;;;;;;;;;;;;;;;;;;;;8.079046732428129;;;;;;;;;;;;
YEAR_2021;TRUCK_GASOLINE;;;;;;;;;;;-1758.7522719044769;;;;;;;;;;;;;;;;;;;;8425.260879893478;;;;;;;;;;;;
YEAR_2021;VAN_GASOLINE;;;;;;;;;;;-161.10848779628677;;;;;;;;;;;;;;;;;;;;71.25769378236878;;;;;;;;;;;;
YEAR_2021;CARGO_MOTORCYCLE_GASOLINE;;;;;;;;;;;-0.04105321772146137;;;;;;;;;;;;;;;;;;;;0.05288088869051034;;;;;;;;;;;;
YEAR_2021;TRUCK_DIESEL_P;;;;;;;-1811.863929906507;;;;;;;;;;;;;;;;;;;;;;;;2668.587147853345;;;;;;;;;;;;
YEAR_2021;VAN_DIESEL;;;;;;;-76.6867000608237;;;;;;;;;;;;;;;;;;;;;;;;22.569890290286352;;;;;;;;;;;;
YEAR_2021;CARGO_MOTORCYCLE_DIESEL;;;;;;;-0.12691069677631908;;;;;;;;;;;;;;;;;;;;;;;;0.01853078812382007;;;;;;;;;;;;
YEAR_2021;AIR_LFO;;;;;;;;;;;;;;;;;-1068.2523264465822;;;;;;;;;;;2225.5256800970465;;;;;;;;;;;;;;;
YEAR_2021;COMM_MACHINERY_DIESEL;;;;;;;-155.40238430426095;;;;;;;;;;;;;;58.492315682121706;;;;;;;;;;;;;;;;;;;;;;
YEAR_2021;COMM_MACHINERY_EL;;;;;;;;-22.435916043669486;;;;;;;;;;;;;18.50963073787829;;;;;;;;;;;;;;;;;;;;;;
YEAR_2021;IND_MACHINERY_EL;;;;;;;;-1757.1681620465056;;;;;;;;;;;;;;;;1581.451346;;;;;;;;;;;;;;;;;;;
YEAR_2021;TRACTOR_DIESEL;;;;;;;-73.81773740366216;;;;;;;;;;;;;;;;;;;50.119291;;;;;;;;;;;;;;;;;
YEAR_2021;AGR_MACHINERY_DIESEL;;;;;;;-341.31394491444274;;;;;;;;;;;;;;;;128.46806116924222;;;;;;;;;;;;;;;;;;;;
YEAR_2021;AGR_MACHINERY_EL;;;;;;;;-111.66180757856469;;;;;;;;;;;;;;;100.49562683075779;;;;;;;;;;;;;;;;;;;;
YEAR_2021;MIN_MACHINERY_DIESEL;;;;;;;-2435.7639901706243;;;;;;;;;;;;;;;;;;916.8036698925868;;;;;;;;;;;;;;;;;;
YEAR_2021;MIN_MACHINERY_EL;;;;;;;;-702.8106556046225;;;;;;;;;;;;;;;;;632.5295901074132;;;;;;;;;;;;;;;;;;
YEAR_2021;FISH_MACHINERY_DIESEL;;;;;;;-507.35581617364454;;;;;;;;;;;;;;;190.96500157092913;;;;;;;;;;;;;;;;;;;;;
YEAR_2021;FISH_MACHINERY_EL;;;;;;;;-287.32920322579025;;;;;;;;;;;;;;258.59628292907087;;;;;;;;;;;;;;;;;;;;;
YEAR_2021;OIL_TO_HVC;;;;45.64944376976991;;;;-4.546912840858557;;;;;-3.6957407655928267;;;214.59140206140805;-390.16618552717983;;;;;;;;;;;;;;;;;;;;;;;;;;
YEAR_2021;GAS_TO_HVC;;;;461.567146547158;;;;-727.1045868107794;;-4316.462153510863;;;;;;1545.097247938592;;;;;;;;;;;;;;;;;;;;;;;;;;;
YEAR_2021;DAM_STORAGE;;;;;;;;-2.7099505078015724;;;;;;;;;;;;;;;;;;;;;;;;;;;;;;;;;;;
YEAR_2021;BEV_BATT;;;;;;;;-2.497272054817601;;;;;;;;;;;;;;;;;;;;;;;;;;;;;;;;;;;
YEAR_2021;GASOLINE_STORAGE;;;;;;;;;;;-5.572209360593661e-12;;;;;;;;;;;;;;;;;;;;;;;;;;;;;;;;
YEAR_2021;DIESEL_STORAGE;;;;;;;-1.0165868147282708e-11;;;;;;;;;;;;;;;;;;;;;;;;;;;;;;;;;;;;
YEAR_2021;LFO_STORAGE;;;;;;;;;;;;;;;;;3.722022690055837e-12;;;;;;;;;;;;;;;;;;;;;;;;;;
YEAR_2021;LPG_STORAGE;;;;;;;;;;;;;;;;;;;;-7.189138173657739e-12;;;;;;;;;;;;;;;;;;;;;;;
YEAR_2021;FERMENTATION_TO_BIOETHANOL;;;;;;;;;;;209.62208006225435;;;;;;;;;;;;;;;;;;;;;;;;;;;;;;;-535.085475438049;
YEAR_2021;GASOLINE;;;;;;;;;;;18309.8069457127;;;;;;;;;;;;;;;;;;;;;;;;;;;;;;;;
YEAR_2021;DIESEL;;;;;;;21689.91373135945;;;;;;;;;;;;;;;;;;;;;;;;;;;;;;;;;;;;
YEAR_2021;LFO;;;;;;;;;;;;;;;;;1508.160099782799;;;;;;;;;;;;;;;;;;;;;;;;;;
YEAR_2021;GAS;;;;;;;;;;33923.51004764162;;;;;;;;;;;;;;;;;;;;;;;;;;;;;;;;;
YEAR_2021;WOOD;;;;;;;;;;;;;;;;;;;;;;;;;;;;;;;;;;;;;;;;;;;6454.478460471388
YEAR_2021;WET_BIOMASS;;;;;;;;;;;;;;;;;;;;;;;;;;;;;;;;;;;;;;;;;;2066.383250021667;
YEAR_2021;LPG;;;;;;;;;;;;;;;;;;;;6032.12199594129;;;;;;;;;;;;;;;;;;;;;;;
YEAR_2021;ELEC_EXPORT;;;;;;;;0.0006933568571027837;;;;;;;;;;;;;;;;;;;;;;;;;;;;;;;;;;;
YEAR_2021;CO2_EMISSIONS;;;;-6143.760617531351;;;;;;;;;;;;;;;;;;;;;;;;;;;;;;;;;;;;;;;
YEAR_2021;RES_WIND;;;;;;;;;;;;;;;;;;;;;;;;;;;;;;;;;;;;;;119.6001851765644;;;;;
YEAR_2021;RES_SOLAR;;;;;;;;;;;;;;;;;;;;;;;;;;;;;;;;;;;;;362.2601325278468;;;;;;
YEAR_2021;RES_HYDRO;;;;;;;;;;;;;;;;;;;;;;;;;;;;;;;;;;;;3240.757254037552;;;;;;;
YEAR_2021;END_USES;;;;;;-5047.722447300001;;-3592.3192537729265;-341.8804503;;;;-13192.22886;-1325.2991495012466;;-1759.68865;;-54.13280625848672;-104.69850976826045;;-77.00194642;-449.5612845;-228.963688;-1581.451346;-1549.33326;-50.119291;;-2225.5256800970465;-54.72354240786573;-798.2930127854954;-12151.065346798354;-273528.90346288006;-71971.12812550255;;;;;;-97.93410406403119;;;;
YEAR_2025;CCGT;;;;1770.6510851016315;;;;5577.556495626634;;-8853.255425508156;;;;;;;;;;;;;;;;;;;;;;;;;;;;;;;;;
YEAR_2025;PV;;;;;;;;359.5891583614876;;;;;;;;;;;;;;;;;;;;;;;;;;;;;-359.5891583614876;;;;;;
YEAR_2025;WIND_ONSHORE;;;;;;;;508.387138312896;;;;;;;;;;;;;;;;;;;;;;;;;;;;;;-508.387138312896;;;;;
YEAR_2025;HYDRO_DAM;;;;;;;;1355.768006886761;;;;;;;;;;;;;;;;;;;;;;;;;;;;-1355.768006886761;;;;;;;
YEAR_2025;HYDRO_RIVER;;;;;;;;1884.9887538535015;;;;;;;;;;;;;;;;;;;;;;;;;;;;-1884.9887538535015;;;;;;;
YEAR_2025;GEOTHERMAL;;;;;;;;40.03339533195927;;;;;;;;;;;;;;;;;;;;;;;;;;;-40.03339533195927;;;;;;;;
YEAR_2025;OCGT;;;;;;;;1066.0499775964715;;-3051.9548365943715;;;;;;;;;;;;;;;;;;;;;;;;;;;;;;;;;
YEAR_2025;GENSET_DIESEL;;;;;;;-0.002772885157777728;0.0010436936004884552;;;;;;;;;;;;;;;;;;;;;;;;;;;;;;;;;;;
YEAR_2025;ST_BIOMASS;;;;;;;;810.3622753308352;;;;;;;;;;;;;;;;;;;;;;;;;;;;;;;;;;-2728.4741361848346;
YEAR_2025;CONVENTIONAL_BULB;;;;;;;;-855.871788894689;;;;;;;;;;;87.7268583614863;;;;;;;;;;;;;;;;;;;;;;;;
YEAR_2025;LED_BULB;;;;;;;;-69.47282295129045;;;;;;;;;;;23.620759800131847;;;;;;;;;;;;;;;;;;;;;;;;
YEAR_2025;CONVENTIONAL_LIGHT;;;;;;;;-557.2127747791429;;;;;;;;;;57.114309414719365;;;;;;;;;;;;;;;;;;;;;;;;;
YEAR_2025;IND_BOILER_GAS;;;;1880.2439975617137;;;;;;-9401.219987808568;;;8716.94018341082;;;;;;;;;;;;;;;;;;;;;;;;;;;;;;
YEAR_2025;IND_BOILER_WOOD;;;;2407.129427494874;;;;;;;;;5335.517580537988;;;;;;;;;;;;;;;;;;;;;;;;;;;;;;-6172.126737166344
YEAR_2025;IND_BOILER_OIL;;;;4.195876329301011;;;;;;;;;14.080783423721284;;;;-16.137985881926962;;;;;;;;;;;;;;;;;;;;;;;;;;
YEAR_2025;IND_BOILER_DIESEL;;;;;;;-363.3835127455129;;;;;;136.7748843516685;;;;;;;;;;;;;;;;;;;;;;;;;;;;;;
YEAR_2025;IND_BOILER_LPG;;;;;;;;;;;;;159.93207214641075;;;;;;;-249.3753096934881;;;;;;;;;;;;;;;;;;;;;;;
YEAR_2025;DEC_BOILER_GAS;;;;;;;;;;-159.13861345699104;;;;143.22618437313568;;;;;;;;;;;;;;;;;;;;;;;;;;;;;
YEAR_2025;DEC_SOLAR;;;;;;;;;;;;;;12.407755136862662;;;;;;;;;;;;;;;;;;;;;;;-12.407755136862662;;;;;;
YEAR_2025;DEC_DIRECT_ELEC;;;;;;;;-1242.6595838525543;;;;;;1242.6595838525543;;;;;;;;;;;;;;;;;;;;;;;;;;;;;
YEAR_2025;DEC_ELEC_COLD;;;;;;;;-41.33123033369899;;;;;;;;;;;;;;;;;;;;;;;;;;;;;;;103.32807583424747;;;;
YEAR_2025;REFRIGERATOR_EL;;;;;;;;-1007.2144014445145;360.710392;;;;;;;;;;;;;;;;;;;;;;;;;;;;;;;;;;
YEAR_2025;STOVE_WOOD;;;;;;132.343728044718;;;;;;;;;;;;;;;;;;;;;;;;;;;;;;;;;;;;;-827.1483002794876
YEAR_2025;STOVE_LPG;;;;;;3926.631079299092;;;;;;;;;;;;;;-6122.629615877594;;;;;;;;;;;;;;;;;;;;;;;
YEAR_2025;STOVE_NG;;;;;;1186.4644861046363;;;;-2497.8199708714938;;;;;;;;;;;;;;;;;;;;;;;;;;;;;;;;;
YEAR_2025;STOVE_OIL;;;;;;18.1978440773063;;;;;;;;;;;-36.8377410476208;;;;;;;;;;;;;;;;;;;;;;;;;;
YEAR_2025;STOVE_ELEC;;;;;;62.10185713907825;;-62.10185713907825;;;;;;;;;;;;;;;;;;;;;;;;;;;;;;;;;;;
YEAR_2025;TRAMWAY_TROLLEY;;;;;;;;-23.293789450634225;;;;;;;;;;;;;;;;;;;;;;;;;372.7006312101476;;;;;;;;;;
YEAR_2025;CAR_FG_PUBLIC;;;;;;;;;;-41.95139009665938;;;;;;;;;;;;;;;;;;;;;;;67.88967115659786;;;;;;;;;;
YEAR_2025;BUS_FG_PUBLIC;;;;;;;;;;-1029.382012878957;;;;;;;;;;;;;;;;;;;;;;;5882.589703411189;;;;;;;;;;
YEAR_2025;PICKUP_TRUCK_FG_PUBLIC;;;;;;;;;;-17.35835137601881;;;;;;;;;;;;;;;;;;;;;;;7.416000508619679;;;;;;;;;;
YEAR_2025;SUV_FG_PUBLIC;;;;;;;;;;-21.35385257911067;;;;;;;;;;;;;;;;;;;;;;;22.036223817795456;;;;;;;;;;
YEAR_2025;MOTORCYCLE_FG_PUBLIC;;;;;;;;;;-2.1849081706751545;;;;;;;;;;;;;;;;;;;;;;;10.583416285495833;;;;;;;;;;
YEAR_2025;CAR_GASOLINE_PUBLIC;;;;;;;;;;;-184.46921504665275;;;;;;;;;;;;;;;;;;;;;;598.7919906793225;;;;;;;;;;
YEAR_2025;BUS_GASOLINE_PUBLIC;;;;;;;;;;;-1864.8079703482408;;;;;;;;;;;;;;;;;;;;;;51884.711327232704;;;;;;;;;;
YEAR_2025;PICKUP_TRUCK_GASOLINE_PUBLIC;;;;;;;;;;;-44.331289241872526;;;;;;;;;;;;;;;;;;;;;;65.40933954622915;;;;;;;;;;
YEAR_2025;SUV_GASOLINE_PUBLIC;;;;;;;;;;;-98.46383578657174;;;;;;;;;;;;;;;;;;;;;;194.36122489183475;;;;;;;;;;
YEAR_2025;MOTORCYCLE_GASOLINE_PUBLIC;;;;;;;;;;;-36.234346109475645;;;;;;;;;;;;;;;;;;;;;;93.34734411908383;;;;;;;;;;
YEAR_2025;CAR_DIESEL_PUBLIC;;;;;;;-136.265495294743;;;;;;;;;;;;;;;;;;;;;;;;;;189.6590272459036;;;;;;;;;;
YEAR_2025;BUS_DIESEL_PUBLIC;;;;;;;-1902.768515019248;;;;;;;;;;;;;;;;;;;;;;;;;;16433.777681020245;;;;;;;;;;
YEAR_2025;PICKUP_TRUCK_DIESEL_PUBLIC;;;;;;;-42.06654053511287;;;;;;;;;;;;;;;;;;;;;;;;;;20.717573908174156;;;;;;;;;;
YEAR_2025;SUV_DIESEL_PUBLIC;;;;;;;-114.42108565637388;;;;;;;;;;;;;;;;;;;;;;;;;;61.56084234353673;;;;;;;;;;
YEAR_2025;MOTORCYCLE_DIESEL_PUBLIC;;;;;;;-20.074385807190442;;;;;;;;;;;;;;;;;;;;;;;;;;29.566374760207438;;;;;;;;;;
YEAR_2025;CAR_BEV;;;;;;;;-23.166109387589835;;;;;;;;;;;;;;;;;;;;;;;;143.89090516871278;;;;;;;;;;;
YEAR_2025;CAR_FG_PRIVATE;;;;;;;;;;-1095.506192388075;;;;;;;;;;;;;;;;;;;;;;1772.8507918302678;;;;;;;;;;;
YEAR_2025;BUS_FG_PRIVATE;;;;;;;;;;-3523.0597347769617;;;;;;;;;;;;;;;;;;;;;;20133.162092408238;;;;;;;;;;;
YEAR_2025;PICKUP_TRUCK_FG_PRIVATE;;;;;;;;;;-295.2105305722439;;;;;;;;;;;;;;;;;;;;;;126.12265977621685;;;;;;;;;;;
YEAR_2025;SUV_FG_PRIVATE;;;;;;;;;;-436.1550070782889;;;;;;;;;;;;;;;;;;;;;;450.09252169472535;;;;;;;;;;;
YEAR_2025;MOTORCYCLE_FG_PRIVATE;;;;;;;;;;-79.65319223694222;;;;;;;;;;;;;;;;;;;;;;385.82989584028593;;;;;;;;;;;
YEAR_2025;CAR_GASOLINE_PRIVATE;;;;;;;;;;;-4817.161910496224;;;;;;;;;;;;;;;;;;;;;15636.636004989505;;;;;;;;;;;
YEAR_2025;BUS_GASOLINE_PRIVATE;;;;;;;;;;;-6382.30591747519;;;;;;;;;;;;;;;;;;;;;177575.44229524623;;;;;;;;;;;
YEAR_2025;PICKUP_TRUCK_GASOLINE_PRIVATE;;;;;;;;;;;-753.9382270424337;;;;;;;;;;;;;;;;;;;;;1112.4107223780243;;;;;;;;;;;
YEAR_2025;SUV_GASOLINE_PRIVATE;;;;;;;;;;;-2011.1311565484878;;;;;;;;;;;;;;;;;;;;;3969.8424490812336;;;;;;;;;;;
YEAR_2025;MOTORCYCLE_GASOLINE_PRIVATE;;;;;;;;;;;-1320.9460105162564;;;;;;;;;;;;;;;;;;;;;3403.036484606133;;;;;;;;;;;
YEAR_2025;CAR_DIESEL_PRIVATE;;;;;;;-3558.3914066492166;;;;;;;;;;;;;;;;;;;;;;;;;4952.69217849685;;;;;;;;;;;
YEAR_2025;BUS_DIESEL_PRIVATE;;;;;;;-6512.226375841906;;;;;;;;;;;;;;;;;;;;;;;;;56244.61390038266;;;;;;;;;;;
YEAR_2025;PICKUP_TRUCK_DIESEL_PRIVATE;;;;;;;-715.4202460646585;;;;;;;;;;;;;;;;;;;;;;;;;352.34111563980395;;;;;;;;;;;
YEAR_2025;SUV_DIESEL_PRIVATE;;;;;;;-2337.075448278208;;;;;;;;;;;;;;;;;;;;;;;;;1257.393533640106;;;;;;;;;;;
YEAR_2025;MOTORCYCLE_DIESEL_PRIVATE;;;;;;;-731.8273093637755;;;;;;;;;;;;;;;;;;;;;;;;;1077.8651310294797;;;;;;;;;;;
YEAR_2025;TRAIN_FREIGHT;;;;;;;-61.64887859686797;;;;;;;;;;;;;;;;;;;;;;;842.261045161656;;;;;;;;;;;;;
YEAR_2025;BOAT_FREIGHT_DIESEL;;;;;;;-6.1779212388380165;;;;;;;;;;;;;;;;;;;;;;57.73758167138333;;;;;;;;;;;;;;
YEAR_2025;TRUCK_FG;;;;;;;;;;-529.08563190136;;;;;;;;;;;;;;;;;;;;;1007.851847518058;;;;;;;;;;;;
YEAR_2025;VAN_FG;;;;;;;;;;-34.37857021148575;;;;;;;;;;;;;;;;;;;;;8.52401921673465;;;;;;;;;;;;
YEAR_2025;TRUCK_GASOLINE;;;;;;;;;;;-1855.62006660016;;;;;;;;;;;;;;;;;;;;8889.303743808208;;;;;;;;;;;;
YEAR_2025;VAN_GASOLINE;;;;;;;;;;;-169.98194342543394;;;;;;;;;;;;;;;;;;;;75.18239069103022;;;;;;;;;;;;
YEAR_2025;CARGO_MOTORCYCLE_GASOLINE;;;;;;;;;;;-0.04325171163765452;;;;;;;;;;;;;;;;;;;;0.055712781499930676;;;;;;;;;;;;
YEAR_2025;TRUCK_DIESEL_P;;;;;;;-1911.656982689662;;;;;;;;;;;;;;;;;;;;;;;;2815.566429082217;;;;;;;;;;;;
YEAR_2025;VAN_DIESEL;;;;;;;-80.91038806693852;;;;;;;;;;;;;;;;;;;;;;;;23.812976442680455;;;;;;;;;;;;
YEAR_2025;CARGO_MOTORCYCLE_DIESEL;;;;;;;-0.13389992903383244;;;;;;;;;;;;;;;;;;;;;;;;0.01955131661670528;;;;;;;;;;;;
YEAR_2025;AIR_LFO;;;;;;;;;;;;;;;;;-1127.0890594792602;;;;;;;;;;;2348.102207248459;;;;;;;;;;;;;;;
YEAR_2025;COMM_MACHINERY_DIESEL;;;;;;;-163.96199218176812;;;;;;;;;;;;;;61.71408919819637;;;;;;;;;;;;;;;;;;;;;;
YEAR_2025;COMM_MACHINERY_EL;;;;;;;;-23.67143854527362;;;;;;;;;;;;;19.52893680180363;;;;;;;;;;;;;;;;;;;;;;
YEAR_2025;IND_MACHINERY_EL;;;;;;;;-1912.6249175865153;;;;;;;;;;;;;;;;1721.362426;;;;;;;;;;;;;;;;;;;
YEAR_2025;TRACTOR_DIESEL;;;;;;;-77.88343788574728;;;;;;;;;;;;;;;;;;;52.879739;;;;;;;;;;;;;;;;;
YEAR_2025;AGR_MACHINERY_DIESEL;;;;;;;-360.11328537546933;;;;;;;;;;;;;;;;135.54399479654822;;;;;;;;;;;;;;;;;;;;
YEAR_2025;AGR_MACHINERY_EL;;;;;;;;-117.8116157698319;;;;;;;;;;;;;;;106.03045420345175;;;;;;;;;;;;;;;;;;;;
YEAR_2025;MIN_MACHINERY_DIESEL;;;;;;;-2695.9290788430203;;;;;;;;;;;;;;;;;;1014.727897787948;;;;;;;;;;;;;;;;;;
YEAR_2025;MIN_MACHINERY_EL;;;;;;;;-777.8777701578255;;;;;;;;;;;;;;;;;700.0899932120519;;;;;;;;;;;;;;;;;;
YEAR_2025;FISH_MACHINERY_DIESEL;;;;;;;-535.3002814106165;;;;;;;;;;;;;;;201.48309297298124;;;;;;;;;;;;;;;;;;;;;
YEAR_2025;FISH_MACHINERY_EL;;;;;;;;-303.15436777748323;;;;;;;;;;;;;;272.8389310270188;;;;;;;;;;;;;;;;;;;;;
YEAR_2025;OIL_TO_HVC;;;;48.163704997366125;;;;-4.79734583011221;;;;;-3.899293250504597;;;226.41057875717763;-411.6555976991574;;;;;;;;;;;;;;;;;;;;;;;;;;
YEAR_2025;GAS_TO_HVC;;;;486.9891375378297;;;;-767.1517313995054;;-4554.20234537462;;;;;;1630.1974302428223;;;;;;;;;;;;;;;;;;;;;;;;;;;
YEAR_2025;DAM_STORAGE;;;;;;;;-2.710421905955804;;;;;;;;;;;;;;;;;;;;;;;;;;;;;;;;;;;
YEAR_2025;BEV_BATT;;;;;;;;-2.635045476721132;;;;;;;;;;;;;;;;;;;;;;;;;;;;;;;;;;;
YEAR_2025;GASOLINE_STORAGE;;;;;;;;;;;7.536506141381238e-14;;;;;;;;;;;;;;;;;;;;;;;;;;;;;;;;
YEAR_2025;DIESEL_STORAGE;;;;;;;2.5101795642079594e-13;;;;;;;;;;;;;;;;;;;;;;;;;;;;;;;;;;;;
YEAR_2025;LFO_STORAGE;;;;;;;;;;;;;;;;;1.416101610973719e-12;;;;;;;;;;;;;;;;;;;;;;;;;;
YEAR_2025;LPG_STORAGE;;;;;;;;;;;;;;;;;;;;-7.647389665965676e-13;;;;;;;;;;;;;;;;;;;;;;;
YEAR_2025;FERMENTATION_TO_BIOETHANOL;;;;;;;;;;;209.62207647057866;;;;;;;;;;;;;;;;;;;;;;;;;;;;;;;-535.0854662698664;
YEAR_2025;ESTERIFICATION_TO_BIODIESEL;;;;;;;2002.5098861063932;;;;;;;;;;;;;;;;;;;;;;;;;;;;;;;;;;;-9535.751826650034;
YEAR_2025;GASOLINE;;;;;;;;;;;19329.81204359879;;;;;;;;;;;;;;;;;;;;;;;;;;;;;;;;
YEAR_2025;DIESEL;;;;;;;20325.12797549775;;;;;;;;;;;;;;;;;;;;;;;;;;;;;;;;;;;;
YEAR_2025;LFO;;;;;;;;;;;;;;;;;1591.720776711313;;;;;;;;;;;;;;;;;;;;;;;;;;
YEAR_2025;GAS;;;;;;;;;;35622.86753232205;;;;;;;;;;;;;;;;;;;;;;;;;;;;;;;;;
YEAR_2025;WOOD;;;;;;;;;;;;;;;;;;;;;;;;;;;;;;;;;;;;;;;;;;;6999.27478936815
YEAR_2025;WET_BIOMASS;;;;;;;;;;;;;;;;;;;;;;;;;;;;;;;;;;;;;;;;;;12799.31142910473;
YEAR_2025;LPG;;;;;;;;;;;;;;;;;;;;6372.004838450061;;;;;;;;;;;;;;;;;;;;;;;
YEAR_2025;ELEC_EXPORT;;;;;;;;-0.003179757232871561;;;;;;;;;;;;;;;;;;;;;;;;;;;;;;;;;;;
YEAR_2025;CO2_EMISSIONS;;;;-6597.373229022715;;;;;;;;;;;;;;;;;;;;;;;;;;;;;;;;;;;;;;;
YEAR_2025;RES_WIND;;;;;;;;;;;;;;;;;;;;;;;;;;;;;;;;;;;;;;508.387138312896;;;;;
YEAR_2025;RES_SOLAR;;;;;;;;;;;;;;;;;;;;;;;;;;;;;;;;;;;;;371.9969134983503;;;;;;
YEAR_2025;RES_HYDRO;;;;;;;;;;;;;;;;;;;;;;;;;;;;;;;;;;;;3240.756760740263;;;;;;;
YEAR_2025;RES_GEO;;;;;;;;;;;;;;;;;;;;;;;;;;;;;;;;;;;40.03339533195927;;;;;;;;
YEAR_2025;END_USES;;;;;;-5325.738688;;-3807.9740525544976;-360.710392;;;;-14359.34602;-1398.2933950224167;;-1856.608009;;-57.114309414719365;-111.34761816161814;;-81.243026;-474.322024;-241.574449;-1721.362426;-1714.817891;-52.879739;;-2348.102207248459;-57.73758167138333;-842.261045161656;-12820.316393739975;-288594.20984711807;-75935.12082993565;;;;;;-103.32807583424747;;;;
YEAR_2030;CCGT;;;;2265.249042926935;;;;7135.541620761466;;-11326.245214634675;;;;;;;;;;;;;;;;;;;;;;;;;;;;;;;;;
YEAR_2030;PV;;;;;;;;359.5891583614876;;;;;;;;;;;;;;;;;;;;;;;;;;;;;-359.5891583614876;;;;;;
YEAR_2030;WIND_ONSHORE;;;;;;;;508.387138312896;;;;;;;;;;;;;;;;;;;;;;;;;;;;;;-508.387138312896;;;;;
YEAR_2030;HYDRO_DAM;;;;;;;;1355.767689701342;;;;;;;;;;;;;;;;;;;;;;;;;;;;-1355.767689701342;;;;;;;
YEAR_2030;HYDRO_RIVER;;;;;;;;1884.9887538535015;;;;;;;;;;;;;;;;;;;;;;;;;;;;-1884.9887538535015;;;;;;;
YEAR_2030;GEOTHERMAL;;;;;;;;40.03341536795992;;;;;;;;;;;;;;;;;;;;;;;;;;;-40.03341536795992;;;;;;;;
YEAR_2030;OCGT;;;;;;;;393.14049773783654;;-1125.5073108648223;;;;;;;;;;;;;;;;;;;;;;;;;;;;;;;;;
YEAR_2030;GENSET_DIESEL;;;;;;;-0.0031939101648819157;0.0012021643198140302;;;;;;;;;;;;;;;;;;;;;;;;;;;;;;;;;;;
YEAR_2030;ST_BIOMASS;;;;;;;;810.3623039577553;;;;;;;;;;;;;;;;;;;;;;;;;;;;;;;;;;-2728.474232571122;
YEAR_2030;CONVENTIONAL_BULB;;;;;;;;-918.6500991244616;;;;;;;;;;;94.1616351600219;;;;;;;;;;;;;;;;;;;;;;;;
YEAR_2030;LED_BULB;;;;;;;;-74.56864724543915;;;;;;;;;;;25.353340059899846;;;;;;;;;;;;;;;;;;;;;;;;
YEAR_2030;CONVENTIONAL_LIGHT;;;;;;;;-592.6007121624165;;;;;;;;;;60.741572996495826;;;;;;;;;;;;;;;;;;;;;;;;;
YEAR_2030;IND_BOILER_GAS;;;;2071.2556247175985;;;;;;-10356.278123587992;;;9602.483192942042;;;;;;;;;;;;;;;;;;;;;;;;;;;;;;
YEAR_2030;IND_BOILER_WOOD;;;;2651.6666828814073;;;;;;;;;5877.546110582259;;;;;;;;;;;;;;;;;;;;;;;;;;;;;;-6799.145340721557
YEAR_2030;IND_BOILER_OIL;;;;4.622129968666784;;;;;;;;;15.511231966155407;;;;-17.77742295641071;;;;;;;;;;;;;;;;;;;;;;;;;;
YEAR_2030;IND_BOILER_DIESEL;;;;;;;-400.2991827216329;;;;;;150.66967130443876;;;;;;;;;;;;;;;;;;;;;;;;;;;;;;
YEAR_2030;IND_BOILER_LPG;;;;;;;;;;;;;176.1793685038468;;;;;;;-274.70903110684145;;;;;;;;;;;;;;;;;;;;;;;
YEAR_2030;DEC_BOILER_GAS;;;;;;;;;;-169.2453186929311;;;;152.32231004673847;;;;;;;;;;;;;;;;;;;;;;;;;;;;;
YEAR_2030;DEC_SOLAR;;;;;;;;;;;;;;13.195757342175071;;;;;;;;;;;;;;;;;;;;;;;-13.195757342175071;;;;;;
YEAR_2030;DEC_DIRECT_ELEC;;;;;;;;-1321.5794537131108;;;;;;1321.5794537131108;;;;;;;;;;;;;;;;;;;;;;;;;;;;;
YEAR_2030;DEC_ELEC_COLD;;;;;;;;-43.95612893229375;;;;;;;;;;;;;;;;;;;;;;;;;;;;;;;109.89032233073438;;;;
YEAR_2030;REFRIGERATOR_EL;;;;;;;;-1071.1814236993414;383.618692;;;;;;;;;;;;;;;;;;;;;;;;;;;;;;;;;;
YEAR_2030;STOVE_WOOD;;;;;;140.74872359371167;;;;;;;;;;;;;;;;;;;;;;;;;;;;;;;;;;;;;-879.679522460698
YEAR_2030;STOVE_LPG;;;;;;4176.006872385111;;;;;;;;;;;;;;-6511.470733211175;;;;;;;;;;;;;;;;;;;;;;;
YEAR_2030;STOVE_NG;;;;;;1261.8154832371185;;;;-2656.4536490530722;;;;;;;;;;;;;;;;;;;;;;;;;;;;;;;;;
YEAR_2030;STOVE_OIL;;;;;;19.353567621133635;;;;;;;;;;;-39.177262391428904;;;;;;;;;;;;;;;;;;;;;;;;;;
YEAR_2030;STOVE_ELEC;;;;;;66.04587331939601;;-66.04587331939601;;;;;;;;;;;;;;;;;;;;;;;;;;;;;;;;;;;
YEAR_2030;TRAMWAY_TROLLEY;;;;;;;;-24.77315122886658;;;;;;;;;;;;;;;;;;;;;;;;;396.3704196618653;;;;;;;;;;
YEAR_2030;CAR_FG_PUBLIC;;;;;;;;;;-44.61577843902357;;;;;;;;;;;;;;;;;;;;;;;72.20143407982412;;;;;;;;;;
YEAR_2030;BUS_FG_PUBLIC;;;;;;;;;;-1094.7570899455138;;;;;;;;;;;;;;;;;;;;;;;6256.187406110373;;;;;;;;;;
YEAR_2030;PICKUP_TRUCK_FG_PUBLIC;;;;;;;;;;-18.46077627513627;;;;;;;;;;;;;;;;;;;;;;;7.886988993382405;;;;;;;;;;
YEAR_2030;SUV_FG_PUBLIC;;;;;;;;;;-22.710008352963374;;;;;;;;;;;;;;;;;;;;;;;23.4357161133285;;;;;;;;;;
YEAR_2030;MOTORCYCLE_FG_PUBLIC;;;;;;;;;;-2.323649822979499;;;;;;;;;;;;;;;;;;;;;;;11.25546313953852;;;;;;;;;;
YEAR_2030;CAR_GASOLINE_PUBLIC;;;;;;;;;;;-196.18470451004103;;;;;;;;;;;;;;;;;;;;;;636.8207818561633;;;;;;;;;;
YEAR_2030;BUS_GASOLINE_PUBLIC;;;;;;;;;;;-1983.2397081214053;;;;;;;;;;;;;;;;;;;;;;55179.847675880796;;;;;;;;;;
YEAR_2030;PICKUP_TRUCK_GASOLINE_PUBLIC;;;;;;;;;;;-47.14675852844422;;;;;;;;;;;;;;;;;;;;;;69.56347062828672;;;;;;;;;;
YEAR_2030;SUV_GASOLINE_PUBLIC;;;;;;;;;;;-104.71717533111989;;;;;;;;;;;;;;;;;;;;;;206.7049115239239;;;;;;;;;;
YEAR_2030;MOTORCYCLE_GASOLINE_PUBLIC;;;;;;;;;;;-38.53551275475091;;;;;;;;;;;;;;;;;;;;;;99.27563641012902;;;;;;;;;;
YEAR_2030;CAR_DIESEL_PUBLIC;;;;;;;-144.9195975448693;;;;;;;;;;;;;;;;;;;;;;;;;;201.7041059424242;;;;;;;;;;
YEAR_2030;BUS_DIESEL_PUBLIC;;;;;;;-2023.6111933527702;;;;;;;;;;;;;;;;;;;;;;;;;;17477.468332004166;;;;;;;;;;
YEAR_2030;PICKUP_TRUCK_DIESEL_PUBLIC;;;;;;;-44.73816951883746;;;;;;;;;;;;;;;;;;;;;;;;;;22.0333386518743;;;;;;;;;;
YEAR_2030;SUV_DIESEL_PUBLIC;;;;;;;-121.6879982606852;;;;;;;;;;;;;;;;;;;;;;;;;;65.47058728776632;;;;;;;;;;
YEAR_2030;MOTORCYCLE_DIESEL_PUBLIC;;;;;;;-21.349307256489542;;;;;;;;;;;;;;;;;;;;;;;;;;31.444131107119038;;;;;;;;;;
YEAR_2030;CAR_BEV;;;;;;;;-24.637362199280723;;;;;;;;;;;;;;;;;;;;;;;;153.02925012186336;;;;;;;;;;;
YEAR_2030;CAR_FG_PRIVATE;;;;;;;;;;-1165.0814721759182;;;;;;;;;;;;;;;;;;;;;;1885.4440302078704;;;;;;;;;;;
YEAR_2030;BUS_FG_PRIVATE;;;;;;;;;;-3746.804742705664;;;;;;;;;;;;;;;;;;;;;;21411.79341038699;;;;;;;;;;;
YEAR_2030;PICKUP_TRUCK_FG_PRIVATE;;;;;;;;;;-313.95909104293384;;;;;;;;;;;;;;;;;;;;;;134.1325986796666;;;;;;;;;;;
YEAR_2030;SUV_FG_PRIVATE;;;;;;;;;;-463.8547795238313;;;;;;;;;;;;;;;;;;;;;;478.67745188709245;;;;;;;;;;;
YEAR_2030;MOTORCYCLE_FG_PRIVATE;;;;;;;;;;-84.71206874025424;;;;;;;;;;;;;;;;;;;;;;410.33444788053043;;;;;;;;;;;
YEAR_2030;CAR_GASOLINE_PRIVATE;;;;;;;;;;;-5123.094408268412;;;;;;;;;;;;;;;;;;;;;16629.70105006045;;;;;;;;;;;
YEAR_2030;BUS_GASOLINE_PRIVATE;;;;;;;;;;;-6787.63877946154;;;;;;;;;;;;;;;;;;;;;188853.05311094623;;;;;;;;;;;
YEAR_2030;PICKUP_TRUCK_GASOLINE_PRIVATE;;;;;;;;;;;-801.8200204687287;;;;;;;;;;;;;;;;;;;;;1183.0587124965864;;;;;;;;;;;
YEAR_2030;SUV_GASOLINE_PRIVATE;;;;;;;;;;;-2138.8557679772443;;;;;;;;;;;;;;;;;;;;;4221.962547062551;;;;;;;;;;;
YEAR_2030;MOTORCYCLE_GASOLINE_PRIVATE;;;;;;;;;;;-1404.8375249484936;;;;;;;;;;;;;;;;;;;;;3619.158780361575;;;;;;;;;;;
YEAR_2030;CAR_DIESEL_PRIVATE;;;;;;;-3784.3807400823016;;;;;;;;;;;;;;;;;;;;;;;;;5267.231945546173;;;;;;;;;;;
YEAR_2030;BUS_DIESEL_PRIVATE;;;;;;;-6925.810346560629;;;;;;;;;;;;;;;;;;;;;;;;;59816.64432530081;;;;;;;;;;;
YEAR_2030;PICKUP_TRUCK_DIESEL_PRIVATE;;;;;;;-760.8557885828842;;;;;;;;;;;;;;;;;;;;;;;;;374.7179072229772;;;;;;;;;;;
YEAR_2030;SUV_DIESEL_PRIVATE;;;;;;;-2485.5005730172575;;;;;;;;;;;;;;;;;;;;;;;;;1337.2492320147996;;;;;;;;;;;
YEAR_2030;MOTORCYCLE_DIESEL_PRIVATE;;;;;;;-778.3048506252028;;;;;;;;;;;;;;;;;;;;;;;;;1146.3191507971055;;;;;;;;;;;
YEAR_2030;TRAIN_FREIGHT;;;;;;;-65.56412765026643;;;;;;;;;;;;;;;;;;;;;;;895.7520710300668;;;;;;;;;;;;;
YEAR_2030;BOAT_FREIGHT_DIESEL;;;;;;;-6.570273879029588;;;;;;;;;;;;;;;;;;;;;;61.40442877597746;;;;;;;;;;;;;;
YEAR_2030;TRUCK_FG;;;;;;;;;;-562.6872582516003;;;;;;;;;;;;;;;;;;;;;1071.8593713568737;;;;;;;;;;;;
YEAR_2030;VAN_FG;;;;;;;;;;-36.5619174277069;;;;;;;;;;;;;;;;;;;;;9.065370806209868;;;;;;;;;;;;
YEAR_2030;TRUCK_GASOLINE;;;;;;;;;;;-1973.4683577417902;;;;;;;;;;;;;;;;;;;;9453.853176368544;;;;;;;;;;;;
YEAR_2030;VAN_GASOLINE;;;;;;;;;;;-180.77730801114416;;;;;;;;;;;;;;;;;;;;79.95714088848875;;;;;;;;;;;;
YEAR_2030;CARGO_MOTORCYCLE_GASOLINE;;;;;;;;;;;-0.045951081036282856;;;;;;;;;;;;;;;;;;;;0.05918985493353908;;;;;;;;;;;;
YEAR_2030;TRUCK_DIESEL_P;;;;;;;-2033.0641163841617;;;;;;;;;;;;;;;;;;;;;;;;2994.379810863912;;;;;;;;;;;;
YEAR_2030;VAN_DIESEL;;;;;;;-86.04893225388457;;;;;;;;;;;;;;;;;;;;;;;;25.32531663282001;;;;;;;;;;;;
YEAR_2030;CARGO_MOTORCYCLE_DIESEL;;;;;;;-0.14240955955777182;;;;;;;;;;;;;;;;;;;;;;;;0.02079384513681137;;;;;;;;;;;;
YEAR_2030;AIR_LFO;;;;;;;;;;;;;;;;;-1198.6691834597493;;;;;;;;;;;2497.2274655411447;;;;;;;;;;;;;;;
YEAR_2030;COMM_MACHINERY_DIESEL;;;;;;;-174.37490444425174;;;;;;;;;;;;;;65.63343286820677;;;;;;;;;;;;;;;;;;;;;;
YEAR_2030;COMM_MACHINERY_EL;;;;;;;;-25.174841369353107;;;;;;;;;;;;;20.769244131793236;;;;;;;;;;;;;;;;;;;;;;
YEAR_2030;IND_MACHINERY_EL;;;;;;;;-2106.945862011528;;;;;;;;;;;;;;;;1896.251276;;;;;;;;;;;;;;;;;;;
YEAR_2030;TRACTOR_DIESEL;;;;;;;-82.82972632566786;;;;;;;;;;;;;;;;;;;56.238071;;;;;;;;;;;;;;;;;
YEAR_2030;AGR_MACHINERY_DIESEL;;;;;;;-382.98344935561465;;;;;;;;;;;;;;;;144.15215648735872;;;;;;;;;;;;;;;;;;;;
YEAR_2030;AGR_MACHINERY_EL;;;;;;;;-125.29378500151647;;;;;;;;;;;;;;;112.76440651264126;;;;;;;;;;;;;;;;;;;;
YEAR_2030;MIN_MACHINERY_DIESEL;;;;;;;-3021.1348091781406;;;;;;;;;;;;;;;;;;1137.132945339559;;;;;;;;;;;;;;;;;;
YEAR_2030;MIN_MACHINERY_EL;;;;;;;;-871.7119284244299;;;;;;;;;;;;;;;;;784.5407356604409;;;;;;;;;;;;;;;;;;
YEAR_2030;FISH_MACHINERY_DIESEL;;;;;;;-569.2964299066391;;;;;;;;;;;;;;;214.278993490906;;;;;;;;;;;;;;;;;;;;;
YEAR_2030;FISH_MACHINERY_EL;;;;;;;;-322.4074149778637;;;;;;;;;;;;;;290.166673509094;;;;;;;;;;;;;;;;;;;;;
YEAR_2030;OIL_TO_HVC;;;;51.22252786938953;;;;-5.102019881889493;;;;;-4.14693299042955;;;240.789660615776;-437.7993828939946;;;;;;;;;;;;;;;;;;;;;;;;;;
YEAR_2030;GAS_TO_HVC;;;;517.9172528676904;;;;-815.8726481414792;;-4843.434454504214;;;;;;1733.729378384224;;;;;;;;;;;;;;;;;;;;;;;;;;;
YEAR_2030;DAM_STORAGE;;;;;;;;-2.710431666133981;;;;;;;;;;;;;;;;;;;;;;;;;;;;;;;;;;;
YEAR_2030;BEV_BATT;;;;;;;;-2.8026036039169937;;;;;;;;;;;;;;;;;;;;;;;;;;;;;;;;;;;
YEAR_2030;GASOLINE_STORAGE;;;;;;;;;;;2.5725428731693256e-13;;;;;;;;;;;;;;;;;;;;;;;;;;;;;;;;
YEAR_2030;DIESEL_STORAGE;;;;;;;-6.824801140892234e-13;;;;;;;;;;;;;;;;;;;;;;;;;;;;;;;;;;;;
YEAR_2030;LFO_STORAGE;;;;;;;;;;;;;;;;;1.4936003822629829e-12;;;;;;;;;;;;;;;;;;;;;;;;;;
YEAR_2030;LPG_STORAGE;;;;;;;;;;;;;;;;;;;;2.61408950041897e-13;;;;;;;;;;;;;;;;;;;;;;;
YEAR_2030;FERMENTATION_TO_BIOETHANOL;;;;;;;;;;;209.62208753339883;;;;;;;;;;;;;;;;;;;;;;;;;;;;;;;-535.0854945090404;
YEAR_2030;ESTERIFICATION_TO_BIODIESEL;;;;;;;6007.5287503580585;;;;;;;;;;;;;;;;;;;;;;;;;;;;;;;;;;;-28607.251156330036;
YEAR_2030;GASOLINE;;;;;;;;;;;20570.73881251568;;;;;;;;;;;;;;;;;;;;;;;;;;;;;;;;
YEAR_2030;DIESEL;;;;;;;17905.94036498917;;;;;;;;;;;;;;;;;;;;;;;;;;;;;;;;;;;;
YEAR_2030;LFO;;;;;;;;;;;;;;;;;1693.423646211899;;;;;;;;;;;;;;;;;;;;;;;;;;
YEAR_2030;GAS;;;;;;;;;;38033.68953092251;;;;;;;;;;;;;;;;;;;;;;;;;;;;;;;;;
YEAR_2030;WOOD;;;;;;;;;;;;;;;;;;;;;;;;;;;;;;;;;;;;;;;;;;;7678.824614133979
YEAR_2030;WET_BIOMASS;;;;;;;;;;;;;;;;;;;;;;;;;;;;;;;;;;;;;;;;;;31870.8108834102;
YEAR_2030;LPG;;;;;;;;;;;;;;;;;;;;6786.179677196971;;;;;;;;;;;;;;;;;;;;;;;
YEAR_2030;ELEC_EXPORT;;;;;;;;-0.006182148061310289;;;;;;;;;;;;;;;;;;;;;;;;;;;;;;;;;;;
YEAR_2030;CO2_EMISSIONS;;;;-7561.933261231687;;;;;;;;;;;;;;;;;;;;;;;;;;;;;;;;;;;;;;;
YEAR_2030;RES_WIND;;;;;;;;;;;;;;;;;;;;;;;;;;;;;;;;;;;;;;508.387138312896;;;;;
YEAR_2030;RES_SOLAR;;;;;;;;;;;;;;;;;;;;;;;;;;;;;;;;;;;;;372.7849157036627;;;;;;
YEAR_2030;RES_HYDRO;;;;;;;;;;;;;;;;;;;;;;;;;;;;;;;;;;;;3240.756443554844;;;;;;;
YEAR_2030;RES_GEO;;;;;;;;;;;;;;;;;;;;;;;;;;;;;;;;;;;40.03341536795992;;;;;;;;
YEAR_2030;END_USES;;;;;;-5663.970198999999;;-4071.7912113677867;-383.618692;;;;-15818.242449999998;-1487.0973920238403;;-1974.519039;;-60.741572996495826;-119.51497521992175;;-86.402677;-504.445667;-256.916563;-1896.251276;-1921.673681;-56.238071;;-2497.2274655411447;-61.40442877597746;-895.7520710300668;-13634.519875900465;-306922.4943006883;-80757.67301328148;;;;;;-109.89032233073438;;;;
YEAR_2035;CCGT;;;;2538.663880469642;;;;7996.799220278593;;-12693.31940234821;;;;;;;;;;;;;;;;;;;;;;;;;;;;;;;;;
YEAR_2035;PV;;;;;;;;359.5891583614876;;;;;;;;;;;;;;;;;;;;;;;;;;;;;-359.5891583614876;;;;;;
YEAR_2035;WIND_ONSHORE;;;;;;;;508.387138312896;;;;;;;;;;;;;;;;;;;;;;;;;;;;;;-508.387138312896;;;;;
YEAR_2035;HYDRO_DAM;;;;;;;;1355.767625394025;;;;;;;;;;;;;;;;;;;;;;;;;;;;-1355.767625394025;;;;;;;
YEAR_2035;HYDRO_RIVER;;;;;;;;1884.9887538535015;;;;;;;;;;;;;;;;;;;;;;;;;;;;-1884.9887538535015;;;;;;;
YEAR_2035;GEOTHERMAL;;;;;;;;40.03339471867164;;;;;;;;;;;;;;;;;;;;;;;;;;;-40.03339471867164;;;;;;;;
YEAR_2035;OCGT;;;;;;;;393.1382515068983;;-1125.500880213802;;;;;;;;;;;;;;;;;;;;;;;;;;;;;;;;;
YEAR_2035;GENSET_DIESEL;;;;;;;-0.003962212133998959;0.001491347536133303;;;;;;;;;;;;;;;;;;;;;;;;;;;;;;;;;;;
YEAR_2035;ST_BIOMASS;;;;;;;;810.3623197344642;;;;;;;;;;;;;;;;;;;;;;;;;;;;;;;;;;-2728.474285690996;
YEAR_2035;CONVENTIONAL_BULB;;;;;;;;-979.5760766392978;;;;;;;;;;;100.406547855277;;;;;;;;;;;;;;;;;;;;;;;;
YEAR_2035;LED_BULB;;;;;;;;-79.51413663093537;;;;;;;;;;;27.034806450733154;;;;;;;;;;;;;;;;;;;;;;;;
YEAR_2035;CONVENTIONAL_LIGHT;;;;;;;;-626.3626204648743;;;;;;;;;;64.2021685974891;;;;;;;;;;;;;;;;;;;;;;;;;
YEAR_2035;IND_BOILER_GAS;;;;2262.265763732142;;;;;;-11311.328818660711;;;10488.0193033479;;;;;;;;;;;;;;;;;;;;;;;;;;;;;;
YEAR_2035;IND_BOILER_WOOD;;;;2896.2020332010866;;;;;;;;;6419.570417954673;;;;;;;;;;;;;;;;;;;;;;;;;;;;;;-7426.159059489966
YEAR_2035;IND_BOILER_OIL;;;;5.048380387423865;;;;;;;;;16.94166970067005;;;;-19.416847643937945;;;;;;;;;;;;;;;;;;;;;;;;;;
YEAR_2035;IND_BOILER_DIESEL;;;;;;;-437.2145650734943;;;;;;164.56434999755132;;;;;;;;;;;;;;;;;;;;;;;;;;;;;;
YEAR_2035;IND_BOILER_LPG;;;;;;;;;;;;;192.42653954712105;;;;;;;-300.0425571231272;;;;;;;;;;;;;;;;;;;;;;;
YEAR_2035;DEC_BOILER_GAS;;;;;;;;;;-178.88763557812737;;;;161.0004820251349;;;;;;;;;;;;;;;;;;;;;;;;;;;;;
YEAR_2035;DEC_SOLAR;;;;;;;;;;;;;;13.947551062724916;;;;;;;;;;;;;;;;;;;;;;;-13.947551062724916;;;;;;
YEAR_2035;DEC_DIRECT_ELEC;;;;;;;;-1396.8730490907194;;;;;;1396.8730490907194;;;;;;;;;;;;;;;;;;;;;;;;;;;;;
YEAR_2035;DEC_ELEC_COLD;;;;;;;;-46.46041639528151;;;;;;;;;;;;;;;;;;;;;;;;;;;;;;;116.15104098820377;;;;
YEAR_2035;REFRIGERATOR_EL;;;;;;;;-1132.2092349565974;405.47438199999993;;;;;;;;;;;;;;;;;;;;;;;;;;;;;;;;;;
YEAR_2035;STOVE_WOOD;;;;;;148.76752082632092;;;;;;;;;;;;;;;;;;;;;;;;;;;;;;;;;;;;;-929.7970051645058
YEAR_2035;STOVE_LPG;;;;;;4413.92413453464;;;;;;;;;;;;;;-6882.445048329477;;;;;;;;;;;;;;;;;;;;;;;
YEAR_2035;STOVE_NG;;;;;;1333.7041751828906;;;;-2807.7982636833176;;;;;;;;;;;;;;;;;;;;;;;;;;;;;;;;;
YEAR_2035;STOVE_OIL;;;;;;20.456187464551267;;;;;;;;;;;-41.40928636598531;;;;;;;;;;;;;;;;;;;;;;;;;;
YEAR_2035;STOVE_ELEC;;;;;;69.80866843323639;;-69.80866843323639;;;;;;;;;;;;;;;;;;;;;;;;;;;;;;;;;;;
YEAR_2035;TRAMWAY_TROLLEY;;;;;;;;-26.18453813456137;;;;;;;;;;;;;;;;;;;;;;;;;418.95261015298195;;;;;;;;;;
YEAR_2035;CAR_FG_PUBLIC;;;;;;;;;;-47.15787044103491;;;;;;;;;;;;;;;;;;;;;;;76.3152856034262;;;;;;;;;;
YEAR_2035;BUS_FG_PUBLIC;;;;;;;;;;-1157.128458127308;;;;;;;;;;;;;;;;;;;;;;;6612.619871087817;;;;;;;;;;
YEAR_2035;PICKUP_TRUCK_FG_PUBLIC;;;;;;;;;;-19.51255199960443;;;;;;;;;;;;;;;;;;;;;;;8.33633865445596;;;;;;;;;;
YEAR_2035;SUV_FG_PUBLIC;;;;;;;;;;-24.00388736528002;;;;;;;;;;;;;;;;;;;;;;;24.770941567514207;;;;;;;;;;
YEAR_2035;MOTORCYCLE_FG_PUBLIC;;;;;;;;;;-2.456036271843259;;;;;;;;;;;;;;;;;;;;;;;11.896726199326855;;;;;;;;;;
YEAR_2035;CAR_GASOLINE_PUBLIC;;;;;;;;;;;-207.36180588893774;;;;;;;;;;;;;;;;;;;;;;673.1019509553083;;;;;;;;;;
YEAR_2035;BUS_GASOLINE_PUBLIC;;;;;;;;;;;-2096.2296187042502;;;;;;;;;;;;;;;;;;;;;;58323.575602132616;;;;;;;;;;
YEAR_2035;PICKUP_TRUCK_GASOLINE_PUBLIC;;;;;;;;;;;-49.83283438107262;;;;;;;;;;;;;;;;;;;;;;73.52668601173532;;;;;;;;;;
YEAR_2035;SUV_GASOLINE_PUBLIC;;;;;;;;;;;-110.68329388095638;;;;;;;;;;;;;;;;;;;;;;218.4816425433167;;;;;;;;;;
YEAR_2035;MOTORCYCLE_GASOLINE_PUBLIC;;;;;;;;;;;-40.73098838862951;;;;;;;;;;;;;;;;;;;;;;104.9316462876506;;;;;;;;;;
YEAR_2035;CAR_DIESEL_PUBLIC;;;;;;;-153.17605339326929;;;;;;;;;;;;;;;;;;;;;;;;;;213.19572662981258;;;;;;;;;;
YEAR_2035;BUS_DIESEL_PUBLIC;;;;;;;-2138.901233707866;;;;;;;;;;;;;;;;;;;;;;;;;;18473.202115213382;;;;;;;;;;
YEAR_2035;PICKUP_TRUCK_DIESEL_PUBLIC;;;;;;;-47.28707054743444;;;;;;;;;;;;;;;;;;;;;;;;;;23.288660453306985;;;;;;;;;;
YEAR_2035;SUV_DIESEL_PUBLIC;;;;;;;-128.62091074674237;;;;;;;;;;;;;;;;;;;;;;;;;;69.20063345965323;;;;;;;;;;
YEAR_2035;MOTORCYCLE_DIESEL_PUBLIC;;;;;;;-22.565642316509937;;;;;;;;;;;;;;;;;;;;;;;;;;33.23559902867612;;;;;;;;;;
YEAR_2035;CAR_BEV;;;;;;;;-26.04101261162885;;;;;;;;;;;;;;;;;;;;;;;;161.74769848080126;;;;;;;;;;;
YEAR_2035;CAR_FG_PRIVATE;;;;;;;;;;-1231.457860196246;;;;;;;;;;;;;;;;;;;;;;1992.8605221257778;;;;;;;;;;;
YEAR_2035;BUS_FG_PRIVATE;;;;;;;;;;-3960.2697192727724;;;;;;;;;;;;;;;;;;;;;;22631.677629735826;;;;;;;;;;;
YEAR_2035;PICKUP_TRUCK_FG_PRIVATE;;;;;;;;;;-331.84619414431427;;;;;;;;;;;;;;;;;;;;;;141.77449754575545;;;;;;;;;;;
YEAR_2035;SUV_FG_PRIVATE;;;;;;;;;;-490.28175881213065;;;;;;;;;;;;;;;;;;;;;;505.9489162876143;;;;;;;;;;;
YEAR_2035;MOTORCYCLE_FG_PRIVATE;;;;;;;;;;-89.53809309952467;;;;;;;;;;;;;;;;;;;;;;433.71109385751873;;;;;;;;;;;
YEAR_2035;CAR_GASOLINE_PRIVATE;;;;;;;;;;;-5414.969493378357;;;;;;;;;;;;;;;;;;;;;17577.135358806656;;;;;;;;;;;
YEAR_2035;BUS_GASOLINE_PRIVATE;;;;;;;;;;;-7174.3470623793855;;;;;;;;;;;;;;;;;;;;;199612.47067354672;;;;;;;;;;;
YEAR_2035;PICKUP_TRUCK_GASOLINE_PRIVATE;;;;;;;;;;;-847.5016729477984;;;;;;;;;;;;;;;;;;;;;1250.4604679865672;;;;;;;;;;;
YEAR_2035;SUV_GASOLINE_PRIVATE;;;;;;;;;;;-2260.7116553433543;;;;;;;;;;;;;;;;;;;;;4462.498164424601;;;;;;;;;;;
YEAR_2035;MOTORCYCLE_GASOLINE_PRIVATE;;;;;;;;;;;-1484.8742970307235;;;;;;;;;;;;;;;;;;;;;3825.350444015932;;;;;;;;;;;
YEAR_2035;CAR_DIESEL_PRIVATE;;;;;;;-3999.986163197946;;;;;;;;;;;;;;;;;;;;;;;;;5567.319027228928;;;;;;;;;;;
YEAR_2035;BUS_DIESEL_PRIVATE;;;;;;;-7320.390698599855;;;;;;;;;;;;;;;;;;;;;;;;;63224.54483002707;;;;;;;;;;;
YEAR_2035;PICKUP_TRUCK_DIESEL_PRIVATE;;;;;;;-804.2036373667863;;;;;;;;;;;;;;;;;;;;;;;;;396.06651943393945;;;;;;;;;;;
YEAR_2035;SUV_DIESEL_PRIVATE;;;;;;;-2627.1056279177483;;;;;;;;;;;;;;;;;;;;;;;;;1413.4355958285166;;;;;;;;;;;
YEAR_2035;MOTORCYCLE_DIESEL_PRIVATE;;;;;;;-822.6468413054209;;;;;;;;;;;;;;;;;;;;;;;;;1211.6278445054509;;;;;;;;;;;
YEAR_2035;TRAIN_FREIGHT;;;;;;;-69.29947548614079;;;;;;;;;;;;;;;;;;;;;;;946.785245418509;;;;;;;;;;;;;
YEAR_2035;BOAT_FREIGHT_DIESEL;;;;;;;-6.944598363998698;;;;;;;;;;;;;;;;;;;;;;64.90278844858597;;;;;;;;;;;;;;
YEAR_2035;TRUCK_FG;;;;;;;;;;-594.7448848829874;;;;;;;;;;;;;;;;;;;;;1132.9257399735727;;;;;;;;;;;;
YEAR_2035;VAN_FG;;;;;;;;;;-38.64494805564482;;;;;;;;;;;;;;;;;;;;;9.581849327345617;;;;;;;;;;;;
YEAR_2035;TRUCK_GASOLINE;;;;;;;;;;;-2085.901641573981;;;;;;;;;;;;;;;;;;;;9992.462145352874;;;;;;;;;;;;
YEAR_2035;VAN_GASOLINE;;;;;;;;;;;-191.07665681993507;;;;;;;;;;;;;;;;;;;;84.51250512542838;;;;;;;;;;;;
YEAR_2035;CARGO_MOTORCYCLE_GASOLINE;;;;;;;;;;;-0.04863887375381235;;;;;;;;;;;;;;;;;;;;0.0626520163768439;;;;;;;;;;;;
YEAR_2035;TRUCK_DIESEL_P;;;;;;;-2148.892721269535;;;;;;;;;;;;;;;;;;;;;;;;3164.976907725838;;;;;;;;;;;;
YEAR_2035;VAN_DIESEL;;;;;;;-90.9513839418477;;;;;;;;;;;;;;;;;;;;;;;;26.768171738894427;;;;;;;;;;;;
YEAR_2035;CARGO_MOTORCYCLE_DIESEL;;;;;;;-0.1505277503297366;;;;;;;;;;;;;;;;;;;;;;;;0.021979217819849867;;;;;;;;;;;;
YEAR_2035;AIR_LFO;;;;;;;;;;;;;;;;;-1266.9602825840957;;;;;;;;;;;2639.5005887168663;;;;;;;;;;;;;;;
YEAR_2035;COMM_MACHINERY_DIESEL;;;;;;;-184.309489490426;;;;;;;;;;;;;;69.37273768835666;;;;;;;;;;;;;;;;;;;;;;
YEAR_2035;COMM_MACHINERY_EL;;;;;;;;-26.609102193270406;;;;;;;;;;;;;21.952509311643336;;;;;;;;;;;;;;;;;;;;;;
YEAR_2035;IND_MACHINERY_EL;;;;;;;;-2301.26680643654;;;;;;;;;;;;;;;;2071.140126;;;;;;;;;;;;;;;;;;;
YEAR_2035;TRACTOR_DIESEL;;;;;;;-87.54873628090336;;;;;;;;;;;;;;;;;;;59.44209;;;;;;;;;;;;;;;;;
YEAR_2035;AGR_MACHINERY_DIESEL;;;;;;;-404.80298615159063;;;;;;;;;;;;;;;;152.36486982519972;;;;;;;;;;;;;;;;;;;;
YEAR_2035;AGR_MACHINERY_EL;;;;;;;;-132.43206129209045;;;;;;;;;;;;;;;119.18885517480028;;;;;;;;;;;;;;;;;;;;
YEAR_2035;MIN_MACHINERY_DIESEL;;;;;;;-3346.3403944562942;;;;;;;;;;;;;;;;;;1259.5379382927936;;;;;;;;;;;;;;;;;;
YEAR_2035;MIN_MACHINERY_EL;;;;;;;;-965.5461473558968;;;;;;;;;;;;;;;;;868.9915327072063;;;;;;;;;;;;;;;;;;
YEAR_2035;FISH_MACHINERY_DIESEL;;;;;;;-601.7306700544635;;;;;;;;;;;;;;;226.48700318219795;;;;;;;;;;;;;;;;;;;;;
YEAR_2035;FISH_MACHINERY_EL;;;;;;;;-340.7757342079247;;;;;;;;;;;;;;306.69816081780203;;;;;;;;;;;;;;;;;;;;;
YEAR_2035;OIL_TO_HVC;;;;54.140801284644446;;;;-5.3926945050433;;;;;-4.383193963954175;;;254.50803990066873;-462.74189068221443;;;;;;;;;;;;;;;;;;;;;;;;;;
YEAR_2035;GAS_TO_HVC;;;;547.4242567247935;;;;-862.354894566596;;-5119.376679520595;;;;;;1832.5041520993316;;;;;;;;;;;;;;;;;;;;;;;;;;;
YEAR_2035;DAM_STORAGE;;;;;;;;-2.7104356024241008;;;;;;;;;;;;;;;;;;;;;;;;;;;;;;;;;;;
YEAR_2035;BEV_BATT;;;;;;;;-2.962579294829088;;;;;;;;;;;;;;;;;;;;;;;;;;;;;;;;;;;
YEAR_2035;GASOLINE_STORAGE;;;;;;;;;;;-6.187030054949361e-13;;;;;;;;;;;;;;;;;;;;;;;;;;;;;;;;
YEAR_2035;DIESEL_STORAGE;;;;;;;-1.4766764200313531e-12;;;;;;;;;;;;;;;;;;;;;;;;;;;;;;;;;;;;
YEAR_2035;LFO_STORAGE;;;;;;;;;;;;;;;;;-1.3381049740468498e-12;;;;;;;;;;;;;;;;;;;;;;;;;;
YEAR_2035;LPG_STORAGE;;;;;;;;;;;;;;;;;;;;1.0858189347651148e-12;;;;;;;;;;;;;;;;;;;;;;;
YEAR_2035;FERMENTATION_TO_BIOETHANOL;;;;;;;;;;;209.62210793312474;;;;;;;;;;;;;;;;;;;;;;;;;;;;;;;-535.085546581785;
YEAR_2035;ESTERIFICATION_TO_BIODIESEL;;;;;;;6007.528722567068;;;;;;;;;;;;;;;;;;;;;;;;;;;;;;;;;;;-28607.25102399212;
YEAR_2035;GASOLINE;;;;;;;;;;;21754.64638982229;;;;;;;;;;;;;;;;;;;;;;;;;;;;;;;;
YEAR_2035;DIESEL;;;;;;;19435.54350274813;;;;;;;;;;;;;;;;;;;;;;;;;;;;;;;;;;;;
YEAR_2035;LFO;;;;;;;;;;;;;;;;;1790.528701827129;;;;;;;;;;;;;;;;;;;;;;;;;;
YEAR_2035;GAS;;;;;;;;;;41223.25034108788;;;;;;;;;;;;;;;;;;;;;;;;;;;;;;;;;
YEAR_2035;WOOD;;;;;;;;;;;;;;;;;;;;;;;;;;;;;;;;;;;;;;;;;;;8355.955804297522
YEAR_2035;WET_BIOMASS;;;;;;;;;;;;;;;;;;;;;;;;;;;;;;;;;;;;;;;;;;31870.8108562649;
YEAR_2035;LPG;;;;;;;;;;;;;;;;;;;;7182.487530149481;;;;;;;;;;;;;;;;;;;;;;;
YEAR_2035;ELEC_EXPORT;;;;;;;;-0.002366933020038764;;;;;;;;;;;;;;;;;;;;;;;;;;;;;;;;;;;
YEAR_2035;CO2_EMISSIONS;;;;-8303.745115799733;;;;;;;;;;;;;;;;;;;;;;;;;;;;;;;;;;;;;;;
YEAR_2035;RES_WIND;;;;;;;;;;;;;;;;;;;;;;;;;;;;;;;;;;;;;;508.387138312896;;;;;
YEAR_2035;RES_SOLAR;;;;;;;;;;;;;;;;;;;;;;;;;;;;;;;;;;;;;373.5367094242125;;;;;;
YEAR_2035;RES_HYDRO;;;;;;;;;;;;;;;;;;;;;;;;;;;;;;;;;;;;3240.756379247526;;;;;;;
YEAR_2035;RES_GEO;;;;;;;;;;;;;;;;;;;;;;;;;;;;;;;;;;;40.03339471867164;;;;;;;;
YEAR_2035;END_USES;;;;;;-5986.660361;;-4325.984777763306;-405.47438199999993;;;;-17277.13889;-1571.8209490251986;;-2087.012192;;-64.2021685974891;-127.44135430601015;;-91.325247;-533.185164;-271.553725;-2071.140126;-2128.529471;-59.44209;;-2639.5005887168663;-64.90278844858597;-946.785245418509;-14411.31163897098;-324408.61485583585;-85358.63479879119;;;;;;-116.15104098820377;;;;
YEAR_2040;CCGT;;;;2481.829549691618;;;;7817.770899299496;;-12409.147748458088;;;;;;;;;;;;;;;;;;;;;;;;;;;;;;;;;
YEAR_2040;PV;;;;;;;;359.5891583614876;;;;;;;;;;;;;;;;;;;;;;;;;;;;;-359.5891583614876;;;;;;
YEAR_2040;WIND_ONSHORE;;;;;;;;508.387138312896;;;;;;;;;;;;;;;;;;;;;;;;;;;;;;-508.387138312896;;;;;
YEAR_2040;HYDRO_DAM;;;;;;;;2065.251369009737;;;;;;;;;;;;;;;;;;;;;;;;;;;;-2065.251369009737;;;;;;;
YEAR_2040;HYDRO_RIVER;;;;;;;;3390.5646993114933;;;;;;;;;;;;;;;;;;;;;;;;;;;;-3390.5646993114933;;;;;;;
YEAR_2040;GEOTHERMAL;;;;;;;;40.033117598328936;;;;;;;;;;;;;;;;;;;;;;;;;;;-40.033117598328936;;;;;;;;
YEAR_2040;OCGT;;;;;;;;0.010990828438955554;;-0.03146523401095787;;;;;;;;;;;;;;;;;;;;;;;;;;;;;;;;;
YEAR_2040;GENSET_DIESEL;;;;;;;-0.004488175630652354;0.0016893163319227468;;;;;;;;;;;;;;;;;;;;;;;;;;;;;;;;;;;
YEAR_2040;ST_BIOMASS;;;;;;;;0.015255545571713042;;;;;;;;;;;;;;;;;;;;;;;;;;;;;;;;;;-0.051365127416395005;
YEAR_2040;CONVENTIONAL_BULB;;;;;;;;-1038.1386397764797;;;;;;;;;;;106.40921057682314;;;;;;;;;;;;;;;;;;;;;;;;
YEAR_2040;LED_BULB;;;;;;;;-84.267761337469;;;;;;;;;;;28.651038850728316;;;;;;;;;;;;;;;;;;;;;;;;
YEAR_2040;CONVENTIONAL_LIGHT;;;;;;;;-658.049738762648;;;;;;;;;;67.45009822300278;;;;;;;;;;;;;;;;;;;;;;;;;
YEAR_2040;IND_BOILER_GAS;;;;2453.274001919294;;;;;;-12266.370009596469;;;11373.546601387547;;;;;;;;;;;;;;;;;;;;;;;;;;;;;;
YEAR_2040;IND_BOILER_WOOD;;;;3140.7349498831536;;;;;;;;;6961.589331052846;;;;;;;;;;;;;;;;;;;;;;;;;;;;;;-8053.166538161933
YEAR_2040;IND_BOILER_OIL;;;;5.474626464277909;;;;;;;;;18.37209286435574;;;;-21.056255631838113;;;;;;;;;;;;;;;;;;;;;;;;;;
YEAR_2040;IND_BOILER_DIESEL;;;;;;;-474.1295801013285;;;;;;178.4588904325988;;;;;;;;;;;;;;;;;;;;;;;;;;;;;;
YEAR_2040;IND_BOILER_LPG;;;;;;;;;;;;;208.67354764881554;;;;;;;-325.37582907150545;;;;;;;;;;;;;;;;;;;;;;;
YEAR_2040;DEC_BOILER_GAS;;;;;;;;;;-187.9373981186516;;;;169.14534976028403;;;;;;;;;;;;;;;;;;;;;;;;;;;;;
YEAR_2040;DEC_SOLAR;;;;;;;;;;;;;;14.65314462404252;;;;;;;;;;;;;;;;;;;;;;;-14.65314462404252;;;;;;
YEAR_2040;DEC_DIRECT_ELEC;;;;;;;;-1467.5396077953603;;;;;;1467.5396077953603;;;;;;;;;;;;;;;;;;;;;;;;;;;;;
YEAR_2040;DEC_ELEC_COLD;;;;;;;;-48.81080754043286;;;;;;;;;;;;;;;;;;;;;;;;;;;;;;;122.02701885108215;;;;
YEAR_2040;REFRIGERATOR_EL;;;;;;;;-1189.4866893784915;425.986969;;;;;;;;;;;;;;;;;;;;;;;;;;;;;;;;;;
YEAR_2040;STOVE_WOOD;;;;;;156.29353556895197;;;;;;;;;;;;;;;;;;;;;;;;;;;;;;;;;;;;;-976.8345973059498
YEAR_2040;STOVE_LPG;;;;;;4637.220611526321;;;;;;;;;;;;;;-7230.621792092844;;;;;;;;;;;;;;;;;;;;;;;
YEAR_2040;STOVE_NG;;;;;;1401.175075242745;;;;-2949.842263816429;;;;;;;;;;;;;;;;;;;;;;;;;;;;;;;;;
YEAR_2040;STOVE_OIL;;;;;;21.491047314097106;;;;;;;;;;;-43.50414436104251;;;;;;;;;;;;;;;;;;;;;;;;;;
YEAR_2040;STOVE_ELEC;;;;;;73.34022478951957;;-73.34022478951957;;;;;;;;;;;;;;;;;;;;;;;;;;;;;;;;;;;
YEAR_2040;TRAMWAY_TROLLEY;;;;;;;;-27.50919040394868;;;;;;;;;;;;;;;;;;;;;;;;;440.14704646317887;;;;;;;;;;
YEAR_2040;CAR_FG_PUBLIC;;;;;;;;;;-49.54337631792769;;;;;;;;;;;;;;;;;;;;;;;80.17573478404296;;;;;;;;;;
YEAR_2040;BUS_FG_PUBLIC;;;;;;;;;;-1215.666025145791;;;;;;;;;;;;;;;;;;;;;;;6947.143385873735;;;;;;;;;;
YEAR_2040;PICKUP_TRUCK_FG_PUBLIC;;;;;;;;;;-20.499750785522494;;;;;;;;;;;;;;;;;;;;;;;8.758099139647623;;;;;;;;;;
YEAR_2040;SUV_FG_PUBLIC;;;;;;;;;;-25.218220403268155;;;;;;;;;;;;;;;;;;;;;;;26.024079122684338;;;;;;;;;;
YEAR_2040;MOTORCYCLE_FG_PUBLIC;;;;;;;;;;-2.5803360154628154;;;;;;;;;;;;;;;;;;;;;;;12.498818291142166;;;;;;;;;;
YEAR_2040;CAR_GASOLINE_PUBLIC;;;;;;;;;;;-217.85194137066486;;;;;;;;;;;;;;;;;;;;;;707.1532104351656;;;;;;;;;;
YEAR_2040;BUS_GASOLINE_PUBLIC;;;;;;;;;;;-2202.276160571764;;;;;;;;;;;;;;;;;;;;;;61274.11758797568;;;;;;;;;;
YEAR_2040;PICKUP_TRUCK_GASOLINE_PUBLIC;;;;;;;;;;;-52.353906992228254;;;;;;;;;;;;;;;;;;;;;;77.24644461257523;;;;;;;;;;
YEAR_2040;SUV_GASOLINE_PUBLIC;;;;;;;;;;;-116.28216224591229;;;;;;;;;;;;;;;;;;;;;;229.5334455197896;;;;;;;;;;
YEAR_2040;MOTORCYCLE_GASOLINE_PUBLIC;;;;;;;;;;;-42.79177826167514;;;;;;;;;;;;;;;;;;;;;;110.2406771407286;;;;;;;;;;
YEAR_2040;CAR_DIESEL_PUBLIC;;;;;;;-160.9245830797053;;;;;;;;;;;;;;;;;;;;;;;;;;223.9803981252396;;;;;;;;;;
YEAR_2040;BUS_DIESEL_PUBLIC;;;;;;;-2247.1063183874526;;;;;;;;;;;;;;;;;;;;;;;;;;19407.744752189014;;;;;;;;;;
YEAR_2040;PICKUP_TRUCK_DIESEL_PUBLIC;;;;;;;-49.679338796607695;;;;;;;;;;;;;;;;;;;;;;;;;;24.466841345530725;;;;;;;;;;
YEAR_2040;SUV_DIESEL_PUBLIC;;;;;;;-135.12778116966243;;;;;;;;;;;;;;;;;;;;;;;;;;72.70146044409717;;;;;;;;;;
YEAR_2040;MOTORCYCLE_DIESEL_PUBLIC;;;;;;;-23.70699305855507;;;;;;;;;;;;;;;;;;;;;;;;;;34.91662698620695;;;;;;;;;;
YEAR_2040;CAR_BEV;;;;;;;;-27.358404253124252;;;;;;;;;;;;;;;;;;;;;;;;169.9303705292212;;;;;;;;;;;
YEAR_2040;CAR_FG_PRIVATE;;;;;;;;;;-1293.7575285873704;;;;;;;;;;;;;;;;;;;;;;2093.679684267805;;;;;;;;;;;
YEAR_2040;BUS_FG_PRIVATE;;;;;;;;;;-4160.615756400552;;;;;;;;;;;;;;;;;;;;;;23776.591296753333;;;;;;;;;;;
YEAR_2040;PICKUP_TRUCK_FG_PRIVATE;;;;;;;;;;-348.63404896321066;;;;;;;;;;;;;;;;;;;;;;148.94676507155103;;;;;;;;;;;
YEAR_2040;SUV_FG_PRIVATE;;;;;;;;;;-515.0847049918526;;;;;;;;;;;;;;;;;;;;;;531.5444509262566;;;;;;;;;;;
YEAR_2040;MOTORCYCLE_FG_PRIVATE;;;;;;;;;;-94.06765584335042;;;;;;;;;;;;;;;;;;;;;;455.6517176112243;;;;;;;;;;;
YEAR_2040;CAR_GASOLINE_PRIVATE;;;;;;;;;;;-5688.908102821278;;;;;;;;;;;;;;;;;;;;;18466.347389284303;;;;;;;;;;;
YEAR_2040;BUS_GASOLINE_PRIVATE;;;;;;;;;;;-7537.290897845297;;;;;;;;;;;;;;;;;;;;;209710.68798630885;;;;;;;;;;;
YEAR_2040;PICKUP_TRUCK_GASOLINE_PRIVATE;;;;;;;;;;;-890.3760530282084;;;;;;;;;;;;;;;;;;;;;1313.7201866293713;;;;;;;;;;;
YEAR_2040;SUV_GASOLINE_PRIVATE;;;;;;;;;;;-2375.0790774562597;;;;;;;;;;;;;;;;;;;;;4688.252037123285;;;;;;;;;;;
YEAR_2040;MOTORCYCLE_GASOLINE_PRIVATE;;;;;;;;;;;-1559.9930659839408;;;;;;;;;;;;;;;;;;;;;4018.872290776793;;;;;;;;;;;
YEAR_2040;CAR_DIESEL_PRIVATE;;;;;;;-4202.341954380852;;;;;;;;;;;;;;;;;;;;;;;;;5848.964813128814;;;;;;;;;;;
YEAR_2040;BUS_DIESEL_PRIVATE;;;;;;;-7690.722726018235;;;;;;;;;;;;;;;;;;;;;;;;;66423.0180855579;;;;;;;;;;;
YEAR_2040;PICKUP_TRUCK_DIESEL_PRIVATE;;;;;;;-844.8868643587523;;;;;;;;;;;;;;;;;;;;;;;;;416.10281791029144;;;;;;;;;;;
YEAR_2040;SUV_DIESEL_PRIVATE;;;;;;;-2760.00859083421;;;;;;;;;;;;;;;;;;;;;;;;;1484.940059364722;;;;;;;;;;;
YEAR_2040;MOTORCYCLE_DIESEL_PRIVATE;;;;;;;-864.2638229345259;;;;;;;;;;;;;;;;;;;;;;;;;1272.9230336610785;;;;;;;;;;;
YEAR_2040;TRAIN_FREIGHT;;;;;;;-72.8052741696556;;;;;;;;;;;;;;;;;;;;;;;994.6822669136179;;;;;;;;;;;;;
YEAR_2040;BOAT_FREIGHT_DIESEL;;;;;;;-7.295919404039107;;;;;;;;;;;;;;;;;;;;;;68.18616265457109;;;;;;;;;;;;;;
YEAR_2040;TRUCK_FG;;;;;;;;;;-624.8325208863905;;;;;;;;;;;;;;;;;;;;;1190.2394860008587;;;;;;;;;;;;
YEAR_2040;VAN_FG;;;;;;;;;;-40.59997255410981;;;;;;;;;;;;;;;;;;;;;10.066589277017375;;;;;;;;;;;;
YEAR_2040;TRUCK_GASOLINE;;;;;;;;;;;-2191.4255522010476;;;;;;;;;;;;;;;;;;;;10497.971926521126;;;;;;;;;;;;
YEAR_2040;VAN_GASOLINE;;;;;;;;;;;-200.7430507486348;;;;;;;;;;;;;;;;;;;;88.78791573831919;;;;;;;;;;;;
YEAR_2040;CARGO_MOTORCYCLE_GASOLINE;;;;;;;;;;;-0.05102854876726795;;;;;;;;;;;;;;;;;;;;0.0657301706703861;;;;;;;;;;;;
YEAR_2040;TRUCK_DIESEL_P;;;;;;;-2257.603299273997;;;;;;;;;;;;;;;;;;;;;;;;3325.090284072695;;;;;;;;;;;;
YEAR_2040;VAN_DIESEL;;;;;;;-95.55253709631486;;;;;;;;;;;;;;;;;;;;;;;;28.122350779363803;;;;;;;;;;;;
YEAR_2040;CARGO_MOTORCYCLE_DIESEL;;;;;;;-0.15814627537121445;;;;;;;;;;;;;;;;;;;;;;;;0.02309163211545861;;;;;;;;;;;;
YEAR_2040;AIR_LFO;;;;;;;;;;;;;;;;;-1331.0546737694544;;;;;;;;;;;2773.0305703530303;;;;;;;;;;;;;;;
YEAR_2040;COMM_MACHINERY_DIESEL;;;;;;;-193.63356848668207;;;;;;;;;;;;;;72.882252516818;;;;;;;;;;;;;;;;;;;;;;
YEAR_2040;COMM_MACHINERY_EL;;;;;;;;-27.95522118894025;;;;;;;;;;;;;23.06305748318201;;;;;;;;;;;;;;;;;;;;;;
YEAR_2040;IND_MACHINERY_EL;;;;;;;;-2495.5877508615526;;;;;;;;;;;;;;;;2246.028976;;;;;;;;;;;;;;;;;;;
YEAR_2040;TRACTOR_DIESEL;;;;;;;-91.9777497710286;;;;;;;;;;;;;;;;;;;62.449213;;;;;;;;;;;;;;;;;
YEAR_2040;AGR_MACHINERY_DIESEL;;;;;;;-425.2816417598397;;;;;;;;;;;;;;;;160.07288533568192;;;;;;;;;;;;;;;;;;;;
YEAR_2040;AGR_MACHINERY_EL;;;;;;;;-139.1316673908847;;;;;;;;;;;;;;;125.21850066431807;;;;;;;;;;;;;;;;;;;;
YEAR_2040;MIN_MACHINERY_DIESEL;;;;;;;-3671.546143835118;;;;;;;;;;;;;;;;;;1381.942993012315;;;;;;;;;;;;;;;;;;
YEAR_2040;MIN_MACHINERY_EL;;;;;;;;-1059.3802976581567;;;;;;;;;;;;;;;;;953.4422679876851;;;;;;;;;;;;;;;;;;
YEAR_2040;FISH_MACHINERY_DIESEL;;;;;;;-632.1717212914501;;;;;;;;;;;;;;;237.94479121177739;;;;;;;;;;;;;;;;;;;;;
YEAR_2040;FISH_MACHINERY_EL;;;;;;;;-358.0152608400015;;;;;;;;;;;;;;322.21373478822267;;;;;;;;;;;;;;;;;;;;;
YEAR_2040;OIL_TO_HVC;;;;56.87973753925458;;;;-5.665506250333983;;;;;-4.604935951032362;;;267.38338125198726;-486.15160222772533;;;;;;;;;;;;;;;;;;;;;;;;;;
YEAR_2040;GAS_TO_HVC;;;;575.1179598337485;;;;-905.9806567269446;;-5378.36136301595;;;;;;1925.2088967480129;;;;;;;;;;;;;;;;;;;;;;;;;;;
YEAR_2040;DAM_STORAGE;;;;;;;;-4.128701099995429;;;;;;;;;;;;;;;;;;;;;;;;;;;;;;;;;;;
YEAR_2040;BEV_BATT;;;;;;;;-3.112364386043314;;;;;;;;;;;;;;;;;;;;;;;;;;;;;;;;;;;
YEAR_2040;GASOLINE_STORAGE;;;;;;;;;;;-6.908362770730037e-13;;;;;;;;;;;;;;;;;;;;;;;;;;;;;;;;
YEAR_2040;DIESEL_STORAGE;;;;;;;2.6488533588775454e-12;;;;;;;;;;;;;;;;;;;;;;;;;;;;;;;;;;;;
YEAR_2040;LFO_STORAGE;;;;;;;;;;;;;;;;;-3.214187596634055e-12;;;;;;;;;;;;;;;;;;;;;;;;;;
YEAR_2040;LPG_STORAGE;;;;;;;;;;;;;;;;;;;;-3.1615682294372505e-13;;;;;;;;;;;;;;;;;;;;;;;
YEAR_2040;FERMENTATION_TO_BIOETHANOL;;;;;;;;;;;209.62206545903828;;;;;;;;;;;;;;;;;;;;;;;;;;;;;;;-535.0854381615902;
YEAR_2040;ESTERIFICATION_TO_BIODIESEL;;;;;;;6007.528699742525;;;;;;;;;;;;;;;;;;;;;;;;;;;;;;;;;;;-28607.25091530393;
YEAR_2040;GASOLINE;;;;;;;;;;;22865.7994784066;;;;;;;;;;;;;;;;;;;;;;;;;;;;;;;;
YEAR_2040;DIESEL;;;;;;;20893.39909368877;;;;;;;;;;;;;;;;;;;;;;;;;;;;;;;;;;;;
YEAR_2040;LFO;;;;;;;;;;;;;;;;;1881.767071164149;;;;;;;;;;;;;;;;;;;;;;;;;;
YEAR_2040;GAS;;;;;;;;;;41582.78668575646;;;;;;;;;;;;;;;;;;;;;;;;;;;;;;;;;
YEAR_2040;WOOD;;;;;;;;;;;;;;;;;;;;;;;;;;;;;;;;;;;;;;;;;;;9030.000874618456
YEAR_2040;WET_BIOMASS;;;;;;;;;;;;;;;;;;;;;;;;;;;;;;;;;;;;;;;;;;29142.38771859294;
YEAR_2040;LPG;;;;;;;;;;;;;;;;;;;;7555.997545861232;;;;;;;;;;;;;;;;;;;;;;;
YEAR_2040;ELEC_EXPORT;;;;;;;;-0.0155691809837738;;;;;;;;;;;;;;;;;;;;;;;;;;;;;;;;;;;
YEAR_2040;CO2_EMISSIONS;;;;-8713.310825331346;;;;;;;;;;;;;;;;;;;;;;;;;;;;;;;;;;;;;;;
YEAR_2040;RES_WIND;;;;;;;;;;;;;;;;;;;;;;;;;;;;;;;;;;;;;;508.387138312896;;;;;
YEAR_2040;RES_SOLAR;;;;;;;;;;;;;;;;;;;;;;;;;;;;;;;;;;;;;374.2423029855301;;;;;;
YEAR_2040;RES_HYDRO;;;;;;;;;;;;;;;;;;;;;;;;;;;;;;;;;;;;5455.816068321231;;;;;;;
YEAR_2040;RES_GEO;;;;;;;;;;;;;;;;;;;;;;;;;;;;;;;;;;;40.03311759832894;;;;;;;;
YEAR_2040;END_USES;;;;;;-6289.520169;;-4568.150257962471;-425.986969;;;;-18736.03533;-1651.3379690264733;;-2192.592278;;-67.45009822300278;-135.06024942755147;;-95.94531;-560.158526;-285.291386;-2246.028976;-2335.385261;-62.449213;;-2773.0305703530303;-68.18616265457109;-994.6822669136179;-15140.367046926129;-340820.1578270179;-89676.85151102679;;;;;;-122.02701885108215;;;;
YEAR_2045;CCGT;;;;2477.228809799712;;;;7803.278554147647;;-12386.14404899856;;;;;;;;;;;;;;;;;;;;;;;;;;;;;;;;;
YEAR_2045;PV;;;;;;;;359.5891583614876;;;;;;;;;;;;;;;;;;;;;;;;;;;;;-359.5891583614876;;;;;;
YEAR_2045;WIND_ONSHORE;;;;;;;;508.387138312896;;;;;;;;;;;;;;;;;;;;;;;;;;;;;;-508.387138312896;;;;;
YEAR_2045;HYDRO_DAM;;;;;;;;2065.252905860819;;;;;;;;;;;;;;;;;;;;;;;;;;;;-2065.252905860819;;;;;;;
YEAR_2045;HYDRO_RIVER;;;;;;;;3390.5646993114933;;;;;;;;;;;;;;;;;;;;;;;;;;;;-3390.5646993114933;;;;;;;
YEAR_2045;GEOTHERMAL;;;;;;;;40.0330622353597;;;;;;;;;;;;;;;;;;;;;;;;;;;-40.0330622353597;;;;;;;;
YEAR_2045;OCGT;;;;;;;;0.010971450843044815;;-0.03140975861223905;;;;;;;;;;;;;;;;;;;;;;;;;;;;;;;;;
YEAR_2045;GENSET_DIESEL;;;;;;;-0.0066568707763984295;0.0025055972509780296;;;;;;;;;;;;;;;;;;;;;;;;;;;;;;;;;;;
YEAR_2045;ST_BIOMASS;;;;;;;;810.3617070076697;;;;;;;;;;;;;;;;;;;;;;;;;;;;;;;;;;-2728.4722226517083;
YEAR_2045;CONVENTIONAL_BULB;;;;;;;;-1093.9773365550088;;;;;;;;;;;112.13267699660807;;;;;;;;;;;;;;;;;;;;;;;;
YEAR_2045;LED_BULB;;;;;;;;-88.80028705167774;;;;;;;;;;;30.19209759334354;;;;;;;;;;;;;;;;;;;;;;;;
YEAR_2045;CONVENTIONAL_LIGHT;;;;;;;;-687.3457158726994;;;;;;;;;;70.45293587677556;;;;;;;;;;;;;;;;;;;;;;;;;
YEAR_2045;IND_BOILER_GAS;;;;2644.2800499374107;;;;;;-13221.400249687053;;;12259.063745653271;;;;;;;;;;;;;;;;;;;;;;;;;;;;;;
YEAR_2045;IND_BOILER_WOOD;;;;3385.2650628953124;;;;;;;;;7503.602029682485;;;;;;;;;;;;;;;;;;;;;;;;;;;;;;-8680.166827936699
YEAR_2045;IND_BOILER_OIL;;;;5.9008676530489925;;;;;;;;;19.80249962430783;;;;-22.695644819419204;;;;;;;;;;;;;;;;;;;;;;;;;;
YEAR_2045;IND_BOILER_DIESEL;;;;;;;-511.0441717931152;;;;;;192.35327152706836;;;;;;;;;;;;;;;;;;;;;;;;;;;;;;
YEAR_2045;IND_BOILER_LPG;;;;;;;;;;;;;224.92036943166846;;;;;;;-350.70881050080146;;;;;;;;;;;;;;;;;;;;;;;
YEAR_2045;DEC_BOILER_GAS;;;;;;;;;;-196.30425298259595;;;;176.67559444028078;;;;;;;;;;;;;;;;;;;;;;;;;;;;;
YEAR_2045;DEC_SOLAR;;;;;;;;;;;;;;15.305493113198636;;;;;;;;;;;;;;;;;;;;;;;-15.305493113198636;;;;;;
YEAR_2045;DEC_DIRECT_ELEC;;;;;;;;-1532.8735696276822;;;;;;1532.8735696276822;;;;;;;;;;;;;;;;;;;;;;;;;;;;;
YEAR_2045;DEC_ELEC_COLD;;;;;;;;-50.98383478027691;;;;;;;;;;;;;;;;;;;;;;;;;;;;;;;127.45958695069226;;;;
YEAR_2045;REFRIGERATOR_EL;;;;;;;;-1242.441908388573;444.951648;;;;;;;;;;;;;;;;;;;;;;;;;;;;;;;;;;
YEAR_2045;STOVE_WOOD;;;;;;163.2516267801046;;;;;;;;;;;;;;;;;;;;;;;;;;;;;;;;;;;;;-1020.3226673756537
YEAR_2045;STOVE_LPG;;;;;;4843.6668260461265;;;;;;;;;;;;;;-7552.524634905978;;;;;;;;;;;;;;;;;;;;;;;
YEAR_2045;STOVE_NG;;;;;;1463.5545264879745;;;;-3081.167424339268;;;;;;;;;;;;;;;;;;;;;;;;;;;;;;;;;
YEAR_2045;STOVE_OIL;;;;;;22.447815201235375;;;;;;;;;;;-45.44092146053593;;;;;;;;;;;;;;;;;;;;;;;;;;
YEAR_2045;STOVE_ELEC;;;;;;76.60528592618964;;-76.60528592618964;;;;;;;;;;;;;;;;;;;;;;;;;;;;;;;;;;;
YEAR_2045;TRAMWAY_TROLLEY;;;;;;;;-28.733882921020776;;;;;;;;;;;;;;;;;;;;;;;;;459.7421267363324;;;;;;;;;;
YEAR_2045;CAR_FG_PUBLIC;;;;;;;;;;-51.74891049959057;;;;;;;;;;;;;;;;;;;;;;;83.7449369004146;;;;;;;;;;
YEAR_2045;BUS_FG_PUBLIC;;;;;;;;;;-1269.787114265721;;;;;;;;;;;;;;;;;;;;;;;7256.428138872168;;;;;;;;;;
YEAR_2045;PICKUP_TRUCK_FG_PUBLIC;;;;;;;;;;-21.411892619777245;;;;;;;;;;;;;;;;;;;;;;;9.147793077754663;;;;;;;;;;
YEAR_2045;SUV_FG_PUBLIC;;;;;;;;;;-26.340936150894706;;;;;;;;;;;;;;;;;;;;;;;27.182671718882386;;;;;;;;;;
YEAR_2045;MOTORCYCLE_FG_PUBLIC;;;;;;;;;;-2.6951613779531973;;;;;;;;;;;;;;;;;;;;;;;13.05501769012796;;;;;;;;;;
YEAR_2045;CAR_GASOLINE_PUBLIC;;;;;;;;;;;-227.55057709687958;;;;;;;;;;;;;;;;;;;;;;738.6352406042917;;;;;;;;;;
YEAR_2045;BUS_GASOLINE_PUBLIC;;;;;;;;;;;-2300.3201083612857;;;;;;;;;;;;;;;;;;;;;;64002.00271573585;;;;;;;;;;
YEAR_2045;PICKUP_TRUCK_GASOLINE_PUBLIC;;;;;;;;;;;-54.68465263389473;;;;;;;;;;;;;;;;;;;;;;80.68538211425428;;;;;;;;;;
YEAR_2045;SUV_GASOLINE_PUBLIC;;;;;;;;;;;-121.45899167392781;;;;;;;;;;;;;;;;;;;;;;239.7521710107014;;;;;;;;;;
YEAR_2045;MOTORCYCLE_GASOLINE_PUBLIC;;;;;;;;;;;-44.69652273435974;;;;;;;;;;;;;;;;;;;;;;115.14770201744122;;;;;;;;;;
YEAR_2045;CAR_DIESEL_PUBLIC;;;;;;;-168.0888744162114;;;;;;;;;;;;;;;;;;;;;;;;;;233.95190648727194;;;;;;;;;;
YEAR_2045;BUS_DIESEL_PUBLIC;;;;;;;-2347.146209979936;;;;;;;;;;;;;;;;;;;;;;;;;;20271.766478787536;;;;;;;;;;
YEAR_2045;PICKUP_TRUCK_DIESEL_PUBLIC;;;;;;;-51.89104043662237;;;;;;;;;;;;;;;;;;;;;;;;;;25.55609402965832;;;;;;;;;;
YEAR_2045;SUV_DIESEL_PUBLIC;;;;;;;-141.1436680932133;;;;;;;;;;;;;;;;;;;;;;;;;;75.93812844399243;;;;;;;;;;
YEAR_2045;MOTORCYCLE_DIESEL_PUBLIC;;;;;;;-24.762456618265773;;;;;;;;;;;;;;;;;;;;;;;;;;36.471156796078965;;;;;;;;;;
YEAR_2045;CAR_BEV;;;;;;;;-28.576383594592336;;;;;;;;;;;;;;;;;;;;;;;;177.49556617724488;;;;;;;;;;;
YEAR_2045;CAR_FG_PRIVATE;;;;;;;;;;-1351.3540763239941;;;;;;;;;;;;;;;;;;;;;;2186.887815788244;;;;;;;;;;;
YEAR_2045;BUS_FG_PRIVATE;;;;;;;;;;-4345.843929027313;;;;;;;;;;;;;;;;;;;;;;24835.111192616314;;;;;;;;;;;
YEAR_2045;PICKUP_TRUCK_FG_PRIVATE;;;;;;;;;;-364.1550412916437;;;;;;;;;;;;;;;;;;;;;;155.57779151574215;;;;;;;;;;;
YEAR_2045;SUV_FG_PRIVATE;;;;;;;;;;-538.0159712553832;;;;;;;;;;;;;;;;;;;;;;555.2084953386895;;;;;;;;;;;
YEAR_2045;MOTORCYCLE_FG_PRIVATE;;;;;;;;;;-98.2556186553528;;;;;;;;;;;;;;;;;;;;;;475.9376748988026;;;;;;;;;;;
YEAR_2045;CAR_GASOLINE_PRIVATE;;;;;;;;;;;-5942.174770177983;;;;;;;;;;;;;;;;;;;;;19288.457744558953;;;;;;;;;;;
YEAR_2045;BUS_GASOLINE_PRIVATE;;;;;;;;;;;-7872.846459529812;;;;;;;;;;;;;;;;;;;;;219046.8790199611;;;;;;;;;;;
YEAR_2045;PICKUP_TRUCK_GASOLINE_PRIVATE;;;;;;;;;;;-930.0150862016834;;;;;;;;;;;;;;;;;;;;;1372.2062587573866;;;;;;;;;;;
YEAR_2045;SUV_GASOLINE_PRIVATE;;;;;;;;;;;-2480.8162159675812;;;;;;;;;;;;;;;;;;;;;4896.97028980404;;;;;;;;;;;
YEAR_2045;MOTORCYCLE_GASOLINE_PRIVATE;;;;;;;;;;;-1629.442911896458;;;;;;;;;;;;;;;;;;;;;4197.789792028947;;;;;;;;;;;
YEAR_2045;CAR_DIESEL_PRIVATE;;;;;;;-4389.4276292982395;;;;;;;;;;;;;;;;;;;;;;;;;6109.357123300411;;;;;;;;;;;
YEAR_2045;BUS_DIESEL_PRIVATE;;;;;;;-8033.108938484578;;;;;;;;;;;;;;;;;;;;;;;;;69380.12971122589;;;;;;;;;;;
YEAR_2045;PICKUP_TRUCK_DIESEL_PRIVATE;;;;;;;-882.5007667452517;;;;;;;;;;;;;;;;;;;;;;;;;434.6274884145535;;;;;;;;;;;
YEAR_2045;SUV_DIESEL_PRIVATE;;;;;;;-2882.8827723709987;;;;;;;;;;;;;;;;;;;;;;;;;1551.0488370806936;;;;;;;;;;;
YEAR_2045;MOTORCYCLE_DIESEL_PRIVATE;;;;;;;-902.7403279372875;;;;;;;;;;;;;;;;;;;;;;;;;1329.592800661729;;;;;;;;;;;
YEAR_2045;TRAIN_FREIGHT;;;;;;;-76.04652037264299;;;;;;;;;;;;;;;;;;;;;;;1038.9649120596255;;;;;;;;;;;;;
YEAR_2045;BOAT_FREIGHT_DIESEL;;;;;;;-7.620729266172693;;;;;;;;;;;;;;;;;;;;;;71.22176884273544;;;;;;;;;;;;;;
YEAR_2045;TRUCK_FG;;;;;;;;;;-652.6496902015867;;;;;;;;;;;;;;;;;;;;;1243.2282345070173;;;;;;;;;;;;
YEAR_2045;VAN_FG;;;;;;;;;;-42.40747007408568;;;;;;;;;;;;;;;;;;;;;10.51475054433288;;;;;;;;;;;;
YEAR_2045;TRUCK_GASOLINE;;;;;;;;;;;-2288.986472436891;;;;;;;;;;;;;;;;;;;;10965.33519183158;;;;;;;;;;;;
YEAR_2045;VAN_GASOLINE;;;;;;;;;;;-209.67980554712042;;;;;;;;;;;;;;;;;;;;92.74060963762398;;;;;;;;;;;;
YEAR_2045;CARGO_MOTORCYCLE_GASOLINE;;;;;;;;;;;-0.05333964453011516;;;;;;;;;;;;;;;;;;;;0.06870710657386205;;;;;;;;;;;;
YEAR_2045;TRUCK_DIESEL_P;;;;;;;-2358.110435277733;;;;;;;;;;;;;;;;;;;;;;;;3473.121296214406;;;;;;;;;;;;
YEAR_2045;VAN_DIESEL;;;;;;;-99.80648822955382;;;;;;;;;;;;;;;;;;;;;;;;29.374343762518528;;;;;;;;;;;;
YEAR_2045;CARGO_MOTORCYCLE_DIESEL;;;;;;;-0.16519310725066225;;;;;;;;;;;;;;;;;;;;;;;;0.02412057098207268;;;;;;;;;;;;
YEAR_2045;AIR_LFO;;;;;;;;;;;;;;;;;-1390.3124123952364;;;;;;;;;;;2896.484192490076;;;;;;;;;;;;;;;
YEAR_2045;COMM_MACHINERY_DIESEL;;;;;;;-202.2541317162416;;;;;;;;;;;;;;76.12696917955495;;;;;;;;;;;;;;;;;;;;;;
YEAR_2045;COMM_MACHINERY_EL;;;;;;;;-29.199717355195226;;;;;;;;;;;;;24.08976682044504;;;;;;;;;;;;;;;;;;;;;;
YEAR_2045;IND_MACHINERY_EL;;;;;;;;-2689.908696397676;;;;;;;;;;;;;;;;2420.917827;;;;;;;;;;;;;;;;;;;
YEAR_2045;TRACTOR_DIESEL;;;;;;;-96.07254180489159;;;;;;;;;;;;;;;;;;;65.229413;;;;;;;;;;;;;;;;;
YEAR_2045;AGR_MACHINERY_DIESEL;;;;;;;-444.21494954222135;;;;;;;;;;;;;;;;167.1992432784633;;;;;;;;;;;;;;;;;;;;
YEAR_2045;AGR_MACHINERY_EL;;;;;;;;-145.32571189828596;;;;;;;;;;;;;;;130.79314072153667;;;;;;;;;;;;;;;;;;;;
YEAR_2045;MIN_MACHINERY_DIESEL;;;;;;;-3996.751990406851;;;;;;;;;;;;;;;;;;1504.3480843145328;;;;;;;;;;;;;;;;;;
YEAR_2045;MIN_MACHINERY_EL;;;;;;;;-1153.2144073129753;;;;;;;;;;;;;;;;;1037.892966685467;;;;;;;;;;;;;;;;;;
YEAR_2045;FISH_MACHINERY_DIESEL;;;;;;;-660.3157461215302;;;;;;;;;;;;;;;248.5379953784742;;;;;;;;;;;;;;;;;;;;;
YEAR_2045;FISH_MACHINERY_EL;;;;;;;;-373.9538284309666;;;;;;;;;;;;;;336.5584456215258;;;;;;;;;;;;;;;;;;;;;
YEAR_2045;OIL_TO_HVC;;;;59.41198969529094;;;;-5.91773122601262;;;;;-4.809944966454832;;;279.28713068817905;-507.79478301863696;;;;;;;;;;;;;;;;;;;;;;;;;;
YEAR_2045;GAS_TO_HVC;;;;600.7218575538742;;;;-946.3143581435281;;-5617.802701763821;;;;;;2010.918012311821;;;;;;;;;;;;;;;;;;;;;;;;;;;
YEAR_2045;DAM_STORAGE;;;;;;;;-4.128704170804395;;;;;;;;;;;;;;;;;;;;;;;;;;;;;;;;;;;
YEAR_2045;BEV_BATT;;;;;;;;-3.2511929983715917;;;;;;;;;;;;;;;;;;;;;;;;;;;;;;;;;;;
YEAR_2045;GASOLINE_STORAGE;;;;;;;;;;;-1.3230666562336069e-12;;;;;;;;;;;;;;;;;;;;;;;;;;;;;;;;
YEAR_2045;DIESEL_STORAGE;;;;;;;-6.171368971408242e-12;;;;;;;;;;;;;;;;;;;;;;;;;;;;;;;;;;;;
YEAR_2045;LFO_STORAGE;;;;;;;;;;;;;;;;;2.2338970950830372e-12;;;;;;;;;;;;;;;;;;;;;;;;;;
YEAR_2045;LPG_STORAGE;;;;;;;;;;;;;;;;;;;;6.686942666256357e-13;;;;;;;;;;;;;;;;;;;;;;;
YEAR_2045;FERMENTATION_TO_BIOETHANOL;;;;;;;;;;;209.62200643630135;;;;;;;;;;;;;;;;;;;;;;;;;;;;;;;-535.0852874989823;
YEAR_2045;ESTERIFICATION_TO_BIODIESEL;;;;;;;6007.528708143235;;;;;;;;;;;;;;;;;;;;;;;;;;;;;;;;;;;-28607.25095530727;
YEAR_2045;GASOLINE;;;;;;;;;;;23893.10263940808;;;;;;;;;;;;;;;;;;;;;;;;;;;;;;;;
YEAR_2045;DIESEL;;;;;;;22268.57192035304;;;;;;;;;;;;;;;;;;;;;;;;;;;;;;;;;;;;
YEAR_2045;LFO;;;;;;;;;;;;;;;;;1966.244158044391;;;;;;;;;;;;;;;;;;;;;;;;;;
YEAR_2045;GAS;;;;;;;;;;43267.51236592829;;;;;;;;;;;;;;;;;;;;;;;;;;;;;;;;;
YEAR_2045;WOOD;;;;;;;;;;;;;;;;;;;;;;;;;;;;;;;;;;;;;;;;;;;9700.489232434884
YEAR_2045;WET_BIOMASS;;;;;;;;;;;;;;;;;;;;;;;;;;;;;;;;;;;;;;;;;;31870.80846545796;
YEAR_2045;LPG;;;;;;;;;;;;;;;;;;;;7903.233370103676;;;;;;;;;;;;;;;;;;;;;;;
YEAR_2045;ELEC_EXPORT;;;;;;;;-0.01231319290034721;;;;;;;;;;;;;;;;;;;;;;;;;;;;;;;;;;;
YEAR_2045;CO2_EMISSIONS;;;;-9172.808637534648;;;;;;;;;;;;;;;;;;;;;;;;;;;;;;;;;;;;;;;
YEAR_2045;RES_WIND;;;;;;;;;;;;;;;;;;;;;;;;;;;;;;;;;;;;;;508.387138312896;;;;;
YEAR_2045;RES_SOLAR;;;;;;;;;;;;;;;;;;;;;;;;;;;;;;;;;;;;;374.8946514746863;;;;;;
YEAR_2045;RES_HYDRO;;;;;;;;;;;;;;;;;;;;;;;;;;;;;;;;;;;;5455.817605172311;;;;;;;
YEAR_2045;RES_GEO;;;;;;;;;;;;;;;;;;;;;;;;;;;;;;;;;;;40.0330622353597;;;;;;;;
YEAR_2045;END_USES;;;;;;-6569.525755;;-4795.915836441028;-444.951648;;;;-20194.93177;-1724.854524027652;;-2290.205143;;-70.45293587677556;-142.3247745899516;;-100.216736;-585.096441;-297.992384;-2420.917827;-2542.241051;-65.229413;;-2896.484192490076;-71.22176884273544;-1038.9649120596255;-15814.406912339311;-355993.26176941325;-93669.21069282209;;;;;;-127.45958695069226;;;;
YEAR_2050;CCGT;;;;2717.646077357565;;;;8560.593704270033;;-13588.230386787824;;;;;;;;;;;;;;;;;;;;;;;;;;;;;;;;;
YEAR_2050;PV;;;;;;;;359.5891583614876;;;;;;;;;;;;;;;;;;;;;;;;;;;;;-359.5891583614876;;;;;;
YEAR_2050;WIND_ONSHORE;;;;;;;;508.387138312896;;;;;;;;;;;;;;;;;;;;;;;;;;;;;;-508.387138312896;;;;;
YEAR_2050;HYDRO_DAM;;;;;;;;2065.2471836986633;;;;;;;;;;;;;;;;;;;;;;;;;;;;-2065.2471836986633;;;;;;;
YEAR_2050;HYDRO_RIVER;;;;;;;;3390.5646993114933;;;;;;;;;;;;;;;;;;;;;;;;;;;;-3390.5646993114933;;;;;;;
YEAR_2050;GEOTHERMAL;;;;;;;;40.03319045597558;;;;;;;;;;;;;;;;;;;;;;;;;;;-40.03319045597558;;;;;;;;
YEAR_2050;OCGT;;;;;;;;0.03475725374904278;;-0.09950524920538216;;;;;;;;;;;;;;;;;;;;;;;;;;;;;;;;;
YEAR_2050;GENSET_DIESEL;;;;;;;-0.026011402913017838;0.00979050094588145;;;;;;;;;;;;;;;;;;;;;;;;;;;;;;;;;;;
YEAR_2050;ST_BIOMASS;;;;;;;;810.3622110485255;;;;;;;;;;;;;;;;;;;;;;;;;;;;;;;;;;-2728.4739197475387;
YEAR_2050;CONVENTIONAL_BULB;;;;;;;;-1146.8193026521917;;;;;;;;;;;117.54897852155577;;;;;;;;;;;;;;;;;;;;;;;;
YEAR_2050;LED_BULB;;;;;;;;-93.08950670641546;;;;;;;;;;;31.650432275750198;;;;;;;;;;;;;;;;;;;;;;;;
YEAR_2050;CONVENTIONAL_LIGHT;;;;;;;;-714.0108640177863;;;;;;;;;;73.18611356164013;;;;;;;;;;;;;;;;;;;;;;;;;
YEAR_2050;IND_BOILER_GAS;;;;2835.2836878434805;;;;;;-14176.418439217403;;;13144.56971647418;;;;;;;;;;;;;;;;;;;;;;;;;;;;;;
YEAR_2050;IND_BOILER_WOOD;;;;3629.792090344275;;;;;;;;;8045.607889013625;;;;;;;;;;;;;;;;;;;;;;;;;;;;;;-9307.159206010961
YEAR_2050;IND_BOILER_OIL;;;;6.327103463735852;;;;;;;;;21.232888336149525;;;;-24.33501332206097;;;;;;;;;;;;;;;;;;;;;;;;;;
YEAR_2050;IND_BOILER_DIESEL;;;;;;;-547.9582977175695;;;;;;206.24747731013605;;;;;;;;;;;;;;;;;;;;;;;;;;;;;;
YEAR_2050;IND_BOILER_LPG;;;;;;;;;;;;;241.166986221282;;;;;;;-376.04147229281733;;;;;;;;;;;;;;;;;;;;;;;
YEAR_2050;DEC_BOILER_GAS;;;;;;;;;;-203.91975137826446;;;;183.52961153655338;;;;;;;;;;;;;;;;;;;;;;;;;;;;;
YEAR_2050;DEC_SOLAR;;;;;;;;;;;;;;15.89925970212266;;;;;;;;;;;;;;;;;;;;;;;-15.89925970212266;;;;;;
YEAR_2050;DEC_DIRECT_ELEC;;;;;;;;-1592.3404409433285;;;;;;1592.3404409433285;;;;;;;;;;;;;;;;;;;;;;;;;;;;;
YEAR_2050;DEC_ELEC_COLD;;;;;;;;-52.96172092430468;;;;;;;;;;;;;;;;;;;;;;;;;;;;;;;132.4043023107617;;;;
YEAR_2050;REFRIGERATOR_EL;;;;;;;;-1290.6416682410463;462.21327;;;;;;;;;;;;;;;;;;;;;;;;;;;;;;;;;;
YEAR_2050;STOVE_WOOD;;;;;;169.5848706808391;;;;;;;;;;;;;;;;;;;;;;;;;;;;;;;;;;;;;-1059.9054417552443
YEAR_2050;STOVE_LPG;;;;;;5031.573852450588;;;;;;;;;;;;;;-7845.520106510306;;;;;;;;;;;;;;;;;;;;;;;
YEAR_2050;STOVE_NG;;;;;;1520.3322041765534;;;;-3200.699377373832;;;;;;;;;;;;;;;;;;;;;;;;;;;;;;;;;
YEAR_2050;STOVE_OIL;;;;;;23.318663858109907;;;;;;;;;;;-47.20377299269177;;;;;;;;;;;;;;;;;;;;;;;;;;
YEAR_2050;STOVE_ELEC;;;;;;79.57713954263006;;-79.57713954263006;;;;;;;;;;;;;;;;;;;;;;;;;;;;;;;;;;;
YEAR_2050;TRAMWAY_TROLLEY;;;;;;;;-29.84859584066103;;;;;;;;;;;;;;;;;;;;;;;;;477.5775334505765;;;;;;;;;;
YEAR_2050;CAR_FG_PUBLIC;;;;;;;;;;-53.75639449365085;;;;;;;;;;;;;;;;;;;;;;;86.99363564185961;;;;;;;;;;
YEAR_2050;BUS_FG_PUBLIC;;;;;;;;;;-1319.0475611786333;;;;;;;;;;;;;;;;;;;;;;;7537.9358728036;;;;;;;;;;
YEAR_2050;PICKUP_TRUCK_FG_PUBLIC;;;;;;;;;;-22.24266403508926;;;;;;;;;;;;;;;;;;;;;;;9.502723169042724;;;;;;;;;;
YEAR_2050;SUV_FG_PUBLIC;;;;;;;;;;-27.3628269289789;;;;;;;;;;;;;;;;;;;;;;;28.237217441710555;;;;;;;;;;
YEAR_2050;MOTORCYCLE_FG_PUBLIC;;;;;;;;;;-2.799784676595971;;;;;;;;;;;;;;;;;;;;;;;13.56179959408142;;;;;;;;;;
YEAR_2050;CAR_GASOLINE_PUBLIC;;;;;;;;;;;-236.37820251267067;;;;;;;;;;;;;;;;;;;;;;767.2899480813962;;;;;;;;;;
YEAR_2050;BUS_GASOLINE_PUBLIC;;;;;;;;;;;-2389.5595772484994;;;;;;;;;;;;;;;;;;;;;;66484.92007550238;;;;;;;;;;
YEAR_2050;PICKUP_TRUCK_GASOLINE_PUBLIC;;;;;;;;;;;-56.80613952481018;;;;;;;;;;;;;;;;;;;;;;83.8155653045887;;;;;;;;;;
YEAR_2050;SUV_GASOLINE_PUBLIC;;;;;;;;;;;-126.17098214168166;;;;;;;;;;;;;;;;;;;;;;249.0533345462803;;;;;;;;;;
YEAR_2050;MOTORCYCLE_GASOLINE_PUBLIC;;;;;;;;;;;-46.43065083970115;;;;;;;;;;;;;;;;;;;;;;119.61518302308154;;;;;;;;;;
YEAR_2050;CAR_DIESEL_PUBLIC;;;;;;;-174.60983173624183;;;;;;;;;;;;;;;;;;;;;;;;;;243.02800032418867;;;;;;;;;;
YEAR_2050;BUS_DIESEL_PUBLIC;;;;;;;-2438.202272067484;;;;;;;;;;;;;;;;;;;;;;;;;;21058.196918982623;;;;;;;;;;
YEAR_2050;PICKUP_TRUCK_DIESEL_PUBLIC;;;;;;;-53.90417159122133;;;;;;;;;;;;;;;;;;;;;;;;;;26.547551681077003;;;;;;;;;;
YEAR_2050;SUV_DIESEL_PUBLIC;;;;;;;-146.61932035319504;;;;;;;;;;;;;;;;;;;;;;;;;;78.88413934374121;;;;;;;;;;
YEAR_2050;MOTORCYCLE_DIESEL_PUBLIC;;;;;;;-25.723178720377785;;;;;;;;;;;;;;;;;;;;;;;;;;37.88614752029248;;;;;;;;;;
YEAR_2050;CAR_BEV;;;;;;;;-29.68498661164215;;;;;;;;;;;;;;;;;;;;;;;;184.3813962027872;;;;;;;;;;;
YEAR_2050;CAR_FG_PRIVATE;;;;;;;;;;-1403.778864088786;;;;;;;;;;;;;;;;;;;;;;2271.726520622713;;;;;;;;;;;
YEAR_2050;BUS_FG_PRIVATE;;;;;;;;;;-4514.4380493494455;;;;;;;;;;;;;;;;;;;;;;25798.57278787858;;;;;;;;;;;
YEAR_2050;PICKUP_TRUCK_FG_PRIVATE;;;;;;;;;;-378.28221758705365;;;;;;;;;;;;;;;;;;;;;;161.61333857448295;;;;;;;;;;;
YEAR_2050;SUV_FG_PRIVATE;;;;;;;;;;-558.8880083932136;;;;;;;;;;;;;;;;;;;;;;576.7475071024265;;;;;;;;;;;
YEAR_2050;MOTORCYCLE_FG_PRIVATE;;;;;;;;;;-102.06741474723069;;;;;;;;;;;;;;;;;;;;;;494.4015286100108;;;;;;;;;;;
YEAR_2050;CAR_GASOLINE_PRIVATE;;;;;;;;;;;-6172.697680082744;;;;;;;;;;;;;;;;;;;;;20036.741256711117;;;;;;;;;;;
YEAR_2050;BUS_GASOLINE_PRIVATE;;;;;;;;;;;-8178.268664514354;;;;;;;;;;;;;;;;;;;;;227544.66709815693;;;;;;;;;;;
YEAR_2050;PICKUP_TRUCK_GASOLINE_PRIVATE;;;;;;;;;;;-966.0944499421502;;;;;;;;;;;;;;;;;;;;;1425.4401572942932;;;;;;;;;;;
YEAR_2050;SUV_GASOLINE_PRIVATE;;;;;;;;;;;-2577.05804732906;;;;;;;;;;;;;;;;;;;;;5086.945422093183;;;;;;;;;;;
YEAR_2050;MOTORCYCLE_GASOLINE_PRIVATE;;;;;;;;;;;-1692.6560642676077;;;;;;;;;;;;;;;;;;;;;4360.64025080123;;;;;;;;;;;
YEAR_2050;CAR_DIESEL_PRIVATE;;;;;;;-4559.712772700101;;;;;;;;;;;;;;;;;;;;;;;;;6346.365872890096;;;;;;;;;;;
YEAR_2050;BUS_DIESEL_PRIVATE;;;;;;;-8344.748456112497;;;;;;;;;;;;;;;;;;;;;;;;;72071.68914627667;;;;;;;;;;;
YEAR_2050;PICKUP_TRUCK_DIESEL_PRIVATE;;;;;;;-916.736904462218;;;;;;;;;;;;;;;;;;;;;;;;;451.48862566185426;;;;;;;;;;;
YEAR_2050;SUV_DIESEL_PRIVATE;;;;;;;-2994.722250259417;;;;;;;;;;;;;;;;;;;;;;;;;1611.2207225909308;;;;;;;;;;;
YEAR_2050;MOTORCYCLE_DIESEL_PRIVATE;;;;;;;-937.7616417796826;;;;;;;;;;;;;;;;;;;;;;;;;1381.1736210965043;;;;;;;;;;;
YEAR_2050;TRAIN_FREIGHT;;;;;;;-78.99669770119527;;;;;;;;;;;;;;;;;;;;;;;1079.2709078330006;;;;;;;;;;;;;
YEAR_2050;BOAT_FREIGHT_DIESEL;;;;;;;-7.916370705096249;;;;;;;;;;;;;;;;;;;;;;73.98477294482475;;;;;;;;;;;;;;
YEAR_2050;TRUCK_FG;;;;;;;;;;-677.9688632516146;;;;;;;;;;;;;;;;;;;;;1291.4585658512965;;;;;;;;;;;;
YEAR_2050;VAN_FG;;;;;;;;;;-44.052655612166866;;;;;;;;;;;;;;;;;;;;;10.922667251032124;;;;;;;;;;;;
YEAR_2050;TRUCK_GASOLINE;;;;;;;;;;;-2377.7862846568537;;;;;;;;;;;;;;;;;;;;11390.728577807758;;;;;;;;;;;;
YEAR_2050;VAN_GASOLINE;;;;;;;;;;;-217.81423737285002;;;;;;;;;;;;;;;;;;;;96.33843902613093;;;;;;;;;;;;
YEAR_2050;CARGO_MOTORCYCLE_GASOLINE;;;;;;;;;;;-0.05530393904560224;;;;;;;;;;;;;;;;;;;;0.07123732577211384;;;;;;;;;;;;
YEAR_2050;TRUCK_DIESEL_P;;;;;;;-2449.5918558250664;;;;;;;;;;;;;;;;;;;;;;;;3607.8588662440593;;;;;;;;;;;;
YEAR_2050;VAN_DIESEL;;;;;;;-103.67843605520629;;;;;;;;;;;;;;;;;;;;;;;;30.513908218485163;;;;;;;;;;;;
YEAR_2050;CARGO_MOTORCYCLE_DIESEL;;;;;;;-0.17161746541309453;;;;;;;;;;;;;;;;;;;;;;;;0.02505861972787218;;;;;;;;;;;;
YEAR_2050;AIR_LFO;;;;;;;;;;;;;;;;;-1444.2487153129018;;;;;;;;;;;3008.851490235212;;;;;;;;;;;;;;;
YEAR_2050;COMM_MACHINERY_DIESEL;;;;;;;-210.10052648509284;;;;;;;;;;;;;;79.08029452163989;;;;;;;;;;;;;;;;;;;;;;
YEAR_2050;COMM_MACHINERY_EL;;;;;;;;-30.332469667706278;;;;;;;;;;;;;25.024287478360108;;;;;;;;;;;;;;;;;;;;;;
YEAR_2050;IND_MACHINERY_EL;;;;;;;;-2884.2296408226885;;;;;;;;;;;;;;;;2595.806677;;;;;;;;;;;;;;;;;;;
YEAR_2050;TRACTOR_DIESEL;;;;;;;-99.79961703667762;;;;;;;;;;;;;;;;;;;67.759948;;;;;;;;;;;;;;;;;
YEAR_2050;AGR_MACHINERY_DIESEL;;;;;;;-461.44816558055413;;;;;;;;;;;;;;;;173.68569917967258;;;;;;;;;;;;;;;;;;;;
YEAR_2050;AGR_MACHINERY_EL;;;;;;;;-150.96345867415636;;;;;;;;;;;;;;;135.86711282032743;;;;;;;;;;;;;;;;;;;;
YEAR_2050;MIN_MACHINERY_DIESEL;;;;;;;-4321.957787924581;;;;;;;;;;;;;;;;;;1626.7531571531845;;;;;;;;;;;;;;;;;;
YEAR_2050;MIN_MACHINERY_EL;;;;;;;;-1247.0485363717569;;;;;;;;;;;;;;;;;1122.3436828468155;;;;;;;;;;;;;;;;;;
YEAR_2050;FISH_MACHINERY_DIESEL;;;;;;;-685.9323544911393;;;;;;;;;;;;;;;258.17989855884497;;;;;;;;;;;;;;;;;;;;;
YEAR_2050;FISH_MACHINERY_EL;;;;;;;;-388.4611037846595;;;;;;;;;;;;;;349.61499344115504;;;;;;;;;;;;;;;;;;;;;
YEAR_2050;OIL_TO_HVC;;;;61.716841848089075;;;;-6.147306024397751;;;;;-4.996543867916175;;;290.1219057515445;-527.4943740409678;;;;;;;;;;;;;;;;;;;;;;;;;;
YEAR_2050;GAS_TO_HVC;;;;624.0264858115515;;;;-983.0260310319409;;-5835.74183939182;;;;;;2088.9303172484556;;;;;;;;;;;;;;;;;;;;;;;;;;;
YEAR_2050;DAM_STORAGE;;;;;;;;-4.128723712871012;;;;;;;;;;;;;;;;;;;;;;;;;;;;;;;;;;;
YEAR_2050;BEV_BATT;;;;;;;;-3.3791986007014625;;;;;;;;;;;;;;;;;;;;;;;;;;;;;;;;;;;
YEAR_2050;GASOLINE_STORAGE;;;;;;;;;;;-4.136725684222853e-13;;;;;;;;;;;;;;;;;;;;;;;;;;;;;;;;
YEAR_2050;DIESEL_STORAGE;;;;;;;1.1876125083354339e-11;;;;;;;;;;;;;;;;;;;;;;;;;;;;;;;;;;;;
YEAR_2050;LFO_STORAGE;;;;;;;;;;;;;;;;;-1.6413342907029005e-11;;;;;;;;;;;;;;;;;;;;;;;;;;
YEAR_2050;LPG_STORAGE;;;;;;;;;;;;;;;;;;;;3.2178773534674576e-12;;;;;;;;;;;;;;;;;;;;;;;
YEAR_2050;FERMENTATION_TO_BIOETHANOL;;;;;;;;;;;209.621327228755;;;;;;;;;;;;;;;;;;;;;;;;;;;;;;;-535.0835537403404;
YEAR_2050;ESTERIFICATION_TO_BIODIESEL;;;;;;;6007.528638903105;;;;;;;;;;;;;;;;;;;;;;;;;;;;;;;;;;;-28607.250625592696;
YEAR_2050;GASOLINE;;;;;;;;;;;24828.15361688409;;;;;;;;;;;;;;;;;;;;;;;;;;;;;;;;
YEAR_2050;DIESEL;;;;;;;23552.78783023165;;;;;;;;;;;;;;;;;;;;;;;;;;;;;;;;;;;;
YEAR_2050;LFO;;;;;;;;;;;;;;;;;2043.282272594907;;;;;;;;;;;;;;;;;;;;;;;;;;
YEAR_2050;GAS;;;;;;;;;;46109.79096986793;;;;;;;;;;;;;;;;;;;;;;;;;;;;;;;;;
YEAR_2050;WOOD;;;;;;;;;;;;;;;;;;;;;;;;;;;;;;;;;;;;;;;;;;;10367.06438342246
YEAR_2050;WET_BIOMASS;;;;;;;;;;;;;;;;;;;;;;;;;;;;;;;;;;;;;;;;;;31870.80809908058;
YEAR_2050;LPG;;;;;;;;;;;;;;;;;;;;8221.561503500041;;;;;;;;;;;;;;;;;;;;;;;
YEAR_2050;ELEC_EXPORT;;;;;;;;-0.01654315833774361;;;;;;;;;;;;;;;;;;;;;;;;;;;;;;;;;;;
YEAR_2050;CO2_EMISSIONS;;;;-9874.792286668697;;;;;;;;;;;;;;;;;;;;;;;;;;;;;;;;;;;;;;;
YEAR_2050;RES_WIND;;;;;;;;;;;;;;;;;;;;;;;;;;;;;;;;;;;;;;508.387138312896;;;;;
YEAR_2050;RES_SOLAR;;;;;;;;;;;;;;;;;;;;;;;;;;;;;;;;;;;;;375.4884180636103;;;;;;
YEAR_2050;RES_HYDRO;;;;;;;;;;;;;;;;;;;;;;;;;;;;;;;;;;;;5455.811883010156;;;;;;;
YEAR_2050;RES_GEO;;;;;;;;;;;;;;;;;;;;;;;;;;;;;;;;;;;40.03319045597558;;;;;;;;
YEAR_2050;END_USES;;;;;;-6824.386408;;-5008.114595884547;-462.21327;;;;-21653.82821;-1791.7691790287247;;-2379.052223;;-73.18611356164013;-149.19941079730597;;-104.104582;-607.794892;-309.552812;-2595.806677;-2749.09684;-67.759948;;-3008.851490235212;-73.98477294482475;-1079.2709078330006;-16427.91696524724;-369803.7988056209;-97303.04879582663;;;;;;-132.4043023107617;;;;
